term,source
龜頭,bracket
龜透,bracket
龜豆貝,bracket
龜投,bracket
龜托,bracket
龜多,bracket
龜兒子不要當抓耙仔，不要躲在牛坑出來，出來面對跟別人都沒關係 ，只有我跟你。,bracket
龜仔,bracket
龍騎士,bold
龍族拼圖板,link_new
龍巖,bracket
龍五的手上只要有槍，誰都沒有辦法殺他的,bracket
齊頭 XD 遊戲,bracket
鼻子,bracket
鼎泰豐,link_new
黨內互打免費，不降速,bracket
黨內互打免費,bold
點站歌、寫感想,bracket
點滑鼠大賽,link_new
點名文,link_new
點兔騎士來喔,bracket
黑皮板（happy）,title
黑皮板,bold
黑的最莫名的名人是誰？,bracket
黑特點,bold
黑特王朝,bracket
黑特版緊急尋人救命事件,bold
黑特板緊急尋人救命事件,title
黑特板板主罷免事件,link_new
黑特板主亂板事件,link_new
黑特板、恨板,bold
黑特文,bold
黑特416事件,link_new
黑特,bold
黑熊王,bracket
黑死爪,bracket
黑掉,bracket
黑幫王,bold
黑人,bracket
黃金交叉,bracket
黃琪事件,link_new
黃爆,bold
黃忠中路無敵，歡迎單挑,bracket
黃俊英賄選抓到了,bracket
麻里愛,bracket
麻繩理工學院,bracket
麻繩不夠用,bracket
麥當勞歡樂送,link_new
麥帥為子祈禱文,bracket
鹿男,link_new
鹼民,bold
鷹爪門的站出來,bracket
鵝鵝鵝,link_new
鴿子封包,bracket
鳳梨酥不是鳳梨做的,bracket
鳳山凱名事件,link_new
鳥不起,bracket
鯰姐,title
鯰亂,bracket
鮑紅,bracket
魯蛇宅宅,bracket
魯蛇、溫拿,title
魯蛇,bold
魯宅,bracket
魯夫的蛇,bracket
魯叔魯叔 起床賺三百,bracket
魯叔,bold
魚魚之亂,link_new
魔獸版,link_new
魔獸板,link_new
鬼頭,bracket
鬼神童子,bracket
鬼島法律,bracket
鬼島歌詞王,bracket
鬼島政府,bracket
鬼島媒體,bracket
鬼島俳句,bracket
鬼島不意外,bracket
鬼島,bold
鬧板,link_new
鬍鬚張,link_new
鬍子哥事件,link_new
鬍子哥,link_new
鬍子事件,link_new
鬍子,link_new
髮夾彎,bracket
高雄郭采潔,bracket
高雄郭書遙,bracket
高雄港務局,bracket
高雄板,link_new
高速詠唱,link_new
高速神言,bold
高義你他媽雜碎,bracket
高義,bracket
高築牆、廣積糧、緩稱王,bracket
高火線,bracket
高火,bracket
高溫事件,link_new
高棉王,bracket
高捷男事件,link_new
高小姐,bracket
高富帥,bracket
高富奸,bracket
高嘉瑜,bold
高中板之亂,link_new
高中板,link_new
高中之亂,bold
體適能版,link_new
髒話王,bold
骨科戰神,bracket
骨科大,bold
驚彈炸裂,bracket
驊神,bracket
騜民,bracket
騎小隻馬,bracket
馬雲失街亭,bracket
馬雅重生ONLINE,bracket
馬雅國駐臺辦事處,bracket
馬雅國史館,bracket
馬路三寶,bold
馬超失街亭,bracket
馬賽傳奇,bold
馬英九終於做對一件事,bracket
馬芙丸.avi,bracket
馬習會,bracket
馬總統硬起來了,bracket
馬維拉,bracket
馬子,bracket
馬奶圖,title
馬囧失街亭,bracket
香蕉,bracket
香港迪士尼遇到邱淑貞 ,bold
香港迪士尼遇到邱淑貞,title
香帥,bold
首頁,title
餵公子吃餅,link_new
館長能不能打贏 XXX,bracket
館長打得贏泰森嗎,bracket
館長之亂,bold
館長,bracket
餓死抬頭,title
餓了,bracket
養母豬得到母豬,bracket
養樂多隊板,link_new
養帳號,bold
養分身,bracket
養公主,bracket
養ID（養帳號）,title
養ID,bold
飽板,link_new
食蕉！！家下可以俾D人打完又打、打完又打、打完又打、打完又打嘅咩,bracket
食神,bold
飛鴿傳書,bold
飛馬圖案,link_new
飛馬,bracket
飄板,link_new
風向,bracket
顯卡板,link_new
願意接受祝福嗎(y/n)？,bold
顏色錯誤,bold
顏色正確,bold
顏色對了,bold
顏色不對、顏色對了,title
顏色不對,bold
顏文字,link_new
頻寬,bracket
頸推,bracket
頭香,bold
頭殼之亂,link_new
頭殼,bracket
頭推、頸推、胸推,bold
頭推,bracket
領麻繩、給XX一條麻繩,title
領麻繩,bold
頗ㄏ,bracket
頓號之亂,bold
預設格式化內容,bracket
預言文,link_new
預官預士板,link_new
預官士官版,link_new
音符才7個?DNA的鹼基才4個?你怎不長得像豬?,link_new
韓星板 (Korea Star),title
韓星板,bold
韓國語板,link_new
韓國旅遊板,link_new
韓劇板,link_new
鞋板,link_new
面試達人,bracket
靠邀為什麼用手機推文自己多出一個字...,bracket
靠邀，圖勒,bracket
靠邀,bracket
靠父母進演藝圈,bracket
靠夭！圖咧！,bold
靠北部落客,bracket
靠北女友,link_new
靠么,bracket
非零和盤專用區,bracket
非關,bracket
非洲人,bracket
非常魯,bracket
非常的ㄏㄏ,bracket
靜板,bold
靜（冷靜、板面設靜）,title
青蘋果樹,link_new
青藍爆,bold
青春肉體,bracket
靈的轉移,bracket
霸氣外漏,bracket
霸氣,bracket
霸凌,bracket
電話之亂,link_new
電視,bracket
電蝦版,link_new
電蝦板,link_new
電蝦,link_new
電腦練蠱（hao123、金山毒霸、360安全衛士…）,title
電腦練蠱,bold
電腦白痴,link_new
電梯向下,bracket
電影版,link_new
電影板,link_new
電影台詞推文,bold
雷文,bracket
雷公,bracket
雷、捏他,title
零食,bracket
零勝恩,bracket
零分,bracket
雲朵,bracket
雲南山歌,bracket
雪公,bracket
雪兒版,link_new
雨狗表示,bracket
雨狗大,bold
雨狗,bold
雨八令刀,bold
雨八,bracket
難道阿扁不用負責嗎,bracket
難道XX版也富奸化了？,bracket
難過,bracket
難度很高的新挑戰,bracket
難受想哭,bracket
雞雞軟軟的,bracket
雞雞硬硬,bracket
雞雞,bracket
雞肉,bracket
雞桶,bold
雞排配珍奶,bracket
雞排要切不要辣,bracket
雞排事件,link_new
雞排、珍奶、板凳,bold
雜魚,bracket
雜七雜八短篇漫畫翻譯,bracket
雙魚板,link_new
雙腿一軟,bracket
雖敗猶榮,bracket
集氣文,bold
集氣,bracket
雅量背影出師表,bold
雅量,link_new
雅美蝶,bold
隱身,link_new
隱藏板規,bracket
隱版,link_new
隱板,bold
隱性同志,bold
隨虎哥的精神,bracket
隔空水桶,bold
隔壁板,bracket
陽痿,bracket
陽光沙灘,link_new
陳菊.rmvb,bold
陳菊.avi、陳菊.rmvb,title
陳菊.avi,bold
陳禹勳,link_new
陳星婗,bold
陳星女兒,bold
陳星,link_new
陳平偉,bracket
陰謀論,bracket
除非你爸變成了兔子,link_new
除暴安良是我們作市民的責任，行善積德是我本人的興趣，所以扶老太太過馬路我每個星期都做一次，如果是碰到國定假日的話，我還做兩、三次呢,bracket
陋室銘,bracket
阿麗,bracket
阿陸（仔）,bracket
阿阿阿阿 阿阿阿阿 會不會死掉掉,link_new
阿門,bracket
阿銀，本來我就看錯你了，這下我更加看錯你了，輕易地就刷新了你的下限,bracket
阿里空空,bold
阿苗,bold
阿肥套餐,bracket
阿肥,bold
阿磨,bold
阿水師,bracket
阿曄,bracket
阿扁最誠實，布希總最不愛打仗,link_new
阿扁,bracket
阿建,bold
阿康 ,bold
阿宅,bracket
阿婆牛肉麵,bracket
阿公眼鏡髒，太太看成娘，指著紗窗說藍色蜘蛛網,bold
阿不就很厲害,bracket
阿不就好棒棒,bold
阿～斯,bold
阿～嘶、阿斯,title
防雷,bracket
防閃,bracket
防捏,bracket
關鍵字問卦、關鍵字之亂,title
關鍵字問卦,bold
關鍵字之亂,bold
關鍵字,bracket
關說,bracket
關板,bracket
關於金針菇的文章,bracket
關心服貿,bracket
關心則亂,bracket
閹割,bracket
閱懶室,bracket
閩南人,link_new
閒聊文,link_new
閒聊,bracket
開車,bracket
開薰,bracket
開花水桶,bracket
開花大叔,bold
開示,bracket
開燈、關燈,bold
開始狂風暴雨,bracket
開始,bracket
開啟聖人模式,bracket
開司,bracket
開勳,bracket
閃開 讓專業的來,link_new
閃開 交給專業的來,link_new
閃耀復歸,bracket
閃光彈,bracket
閃光便利貼,bracket
閃光、墨鏡、可魯、空白文,bold
閃光,bracket
門的另一端 世界的真實,link_new
長毛？是你？,bracket
鐵道板（Railway）,link_new
鐵道時刻板（RailTimes）,link_new
鐵路佐級養路工程,bracket
鐵皮屋挖洞中,bracket
鐵皮哥,bracket
鐵皮,bracket
鐵拳無敵孫中山,link_new
鐵手套,bold
鏡花水月,bracket
鎧之,bracket
鎖文,bold
鎖定文章,bold
鍵鼠板,link_new
鍵盤開戰,bold
鍵盤金城武,bracket
鍵盤鄉民,link_new
鍵盤美軍,bracket
鍵盤正妹,bracket
鍵盤柯南,bold
鍵盤支持,bracket
鍵盤小妹,bold
鍵盤XX,bracket
鍵盤,bracket
錯怪馬英九了,bracket
錢包裡沒有錢,bracket
鋒炮炸裂,bracket
銅鋰鋅,bold
銅李星,bold
銃子,bold
銀魂板,link_new
鈴木一朗,link_new
釣魚高手,bracket
釣魚文,bold
釣魚,bracket
釣金魚文,bracket
釣得到 XX 我就 XX,bracket
釣客,bracket
釣卡好,bracket
釣中,bracket
金鶯重砲猛擊小龜頭昏腦脹,bracket
金魚,bold
金針菇王,bracket
金針菇,bracket
金排球,bold
金庸板,link_new
金庸之亂,link_new
金山毒霸,bold
金寶事件,link_new
金城武,bold
野豬騎士來喔~,bracket
野豬騎士來喔,bold
野生的XX出現了,link_new
野生朱學恒,bracket
重鬱男和牙醫女,bracket
重考板,link_new
重罰N萬,bracket
重慶市警方端掉一跨國網絡賭博窩點,bracket
重判三年,bold
醫師法,bold
醫學系算文組還是理組,bracket
醫學生板,link_new
醒醒吧你沒有右手,bracket
醒醒吧你根本沒有發文,bracket
醒醒吧你根本沒有上PTT,bracket
醒醒吧，你根本沒有女朋友,bold
醒醒吧，你根本沒有XXX,bold
酸陽戰隊,bold
酸陽岱鋼戰隊,bold
酸民不意外,bracket
酸民,bold
酸人,bracket
酒駕、屁孩、老人,bracket
鄭公,bold
鄭先生的遊戲,bracket
鄭先生,bold
鄉霸,bracket
鄉長,link_new
鄉民都30cm起跳的,bold
鄉民證,bold
鄉民請雞排事件,link_new
鄉民的正義,bracket
鄉民爪爪日,bracket
鄉民有約,link_new
鄉民暴動,link_new
鄉民晚報,title
鄉民投票獲gogoro,bold
鄉民宴,bold
鄉民卡,bold
鄉民們被打臉,bracket
鄉民不意外,bracket
鄉民,bold
都是我分身,bracket
都是愛莉的錯,bold
都是愛莉不好,bold
都是你害的,bracket
都是they的錯,bold
郭雪芙和她的快樂夥伴,bracket
郭美江牧師在PTT,title
郭冠英事件,link_new
郎財女貌,bracket
邱若男，我要幹死妳,bracket
邱若男，我要幹死你！ ,bracket
邪神,link_new
邦山,link_new
那話兒不容易軟,bracket
那裡找來這麼多藍染新聞,bracket
那有老爸會在危急的時候拋下自己的孩子不顧去逃命的? ,bracket
那是什麼,bracket
那就是排骨酥湯阿幹,title
那就是排骨酥湯啊幹,bold
那就是XXX啊幹,bracket
那個簽名檔就是單純app拿來打廣告用的，林北就是不想讓他打廣告,bracket
那你們去問問蘇美 怎麼不敢提我跟他交往過,bracket
那些經驗一個都沒他 一分鐘是要我怎麼寫成一個小時,bracket
邊緣人板,bold
邊緣人,bold
還真機靈,bracket
還有三年,bracket
還是公車,bracket
還是XX,bracket
還是5566唱得更好,bracket
還好我都用pcman,bold
還好我都用 xx,bracket
還好我都用 pcman,bracket
還不是靠新球、還不是靠XX,title
還不是靠新球,bold
還不是靠兄弟,bracket
選舉就是這樣，別讓勝文不開心,bracket
選舉,bracket
選擇性失明,bracket
選奶大的,bold
選前黨內免費互打刀刀見骨，選後全民爭討黨產拳拳到肉,bracket
遠東航空,bold
遠古文明板,link_new
遛鳥俠,bracket
遙不可及的期待,bracket
道歉時露出胸部是常識吧！,bracket
道歉時露出胸部是常識吧,bold
道歉時露出胸部不是常識嗎？,bracket
道歉時露出…,bracket
道歉時露出__是常識吧,bracket
道歉時…,bracket
道歉文,bold
道德的自然史,bracket
過譽文、過氣文,title
過譽文,bold
過譽之亂,bold
過譽,bracket
過氣文,bold
過氣不再受到支持,bracket
過氣,bold
過於強大,bracket
遊戲設計板,link_new
遊戲結束,bracket
遇到問題 用C4就對了!,link_new
進板圖爭議事件,link_new
進板圖,link_new
進擊的美江 OP 紅蓮的鑽石,bracket
進擊的XX,bracket
進入聖人模式,bracket
週經文,bracket
連署,link_new
連營網軍事件,title
連可魯也閃瞎了,bracket
連XX也可以蓋地鐵喔,bracket
逢56必噓,bracket
造反啦,bracket
造反,bracket
通靈王大戰,link_new
通往天堂的鑰匙,bracket
這麼早吃三寶飯太油了吧,bracket
這麼多姓馬的來守街亭還是守不住,bracket
這裡面,bracket
這裡是八卦板,bracket
這裡是八仙樂園板,bracket
這裡是八仙樂園,bold
這裡是八,bracket
這裡是X,bracket
這裡不是可愛板,bracket
這篇被推爆我就請吃雞排,bracket
這篇被推爆我就再發續集,bracket
這篇沒xx我就oo,bold
這篇會爆 我就切雞雞,bracket
這篇新聞讓你覺得…,bracket
這篇文章曾經存在，直到它的膝蓋中了一箭,bracket
這篇文章寫太長、太艱深或沒意思，我沒耐心看完,bracket
這篇好臭,bracket
這種要求我還是第一次聽到,bold
這種要求我這輩子沒見過,bold
這種要求我一輩子都沒聽過,bold
這種,bracket
這看板曾經可以進入直到它的膝蓋中了一箭,bracket
這樣才能削到你這隻老狐狸,bracket
這樣,bracket
這是要逼死誰,link_new
這是什麼巫術!,bracket
這是什麼巫術,bold
這文章加了洋蔥,bracket
這才是八卦板啊,bracket
這我知道,bracket
這我一定告。,bracket
這我一定告,bracket
這我一定吉,bold
這就是當歸啊,bracket
這就是人蔘啊,bold
這就是人生啊,bracket
這哪部？,bracket
這只是噱頭,bracket
這個舞台將成為各位回憶美好初戀的一個平台,bracket
這個直球有伸卡球的味道,link_new
這個帳號怎麼整天在發文,bracket
這個,bracket
這位大大,bracket
這什麼分手擂台的劇情,bracket
這不是一行文,bracket
這不叫XX什麼才叫XX,bold
逆逆,bracket
逆喝喝、逆呵呵,title
逆喝喝,bold
逆呵呵,bold
逆你老母,bracket
逆三小,bracket
逃離鬼島,bracket
送我一把武士刀吧,bracket
退選,bold
退註,bold
退文 (退回文章、劣文),title
退文,bold
退回文章,bold
退回帳號認證資格,bracket
退回,bracket
追星板,link_new
迷你妖五八,bold
近西,bold
辦桌王,bold
辦桌小王子,bracket
辜莞允(Nono)照片事件在ptt、七之亂、小雪事件與小雪之亂,title
辛普森家庭中文版與ptt（含相關梗整理）,title
辛普森家庭中文版,bold
轟轟隊長,bracket
轟轟戰隊,bracket
轟轟大使,bracket
轟轟,bold
轉錄,link_new
轉文,link_new
轉信,link_new
轉cute板,bracket
輸了,bracket
輪班星人,link_new
輕鬆隨便發個文,bracket
輔大猴,link_new
軍旅版,link_new
軍旅板,link_new
車輪黨黨證,link_new
車板,link_new
車子有異音,bracket
車參聖整形外科,bracket
躺著也中槍,link_new
身為政策組組員的我，實在不清楚網路組的工作細目,bracket
身寸☆惹ㄦ」(射惹ㄦ) ,bold
蹦蹦跳姆咪,bracket
踹共,bold
踩到雷,bracket
踢爆,bracket
踏腳布,bracket
跳針,bracket
路過的貓,bold
路洨比相機事件,link_new
路洨比事件,link_new
跪著看電腦,bracket
跪著看銀幕,bracket
跪著滑手機,bracket
跪著推文,bracket
跪著打電腦,bracket
跪著打字,bracket
跪著上ptt,bracket
跪求,bracket
跪在電腦前,bold
跪在銀幕前,bracket
跟風,bracket
跟鄉民認真就輸了,bracket
跟鄉民（酸民）認真就輸了,bracket
跟上,bold
跟xx認真就輸了,bold
趕快推，不然別人會以為我們看不懂,bold
越想越不對勁,title
越南王,bracket
越位,bold
超賽,link_new
超級喜歡,link_new
超爽的撿到一百塊,bracket
超爽的!撿到50機和40榴,bracket
超爽ㄉ,bracket
超爽der,bracket
超後悔投給柯P的,bold
超後悔投給柯P,bold
超大型,bracket
超厲害der,bracket
超☆冒險蓋,bracket
趁亂告白,bold
起鬨,bracket
起飛,link_new
起風了，丞相,bold
起手式,link_new
赤貧,bracket
贓款,bracket
贈送板,link_new
賴神,bracket
賭神怎麼還不變超級賽亞人,bracket
賭神,bold
賭盤,bold
賭博,bracket
賭俠,link_new
賢者状態,bracket
賢者モード,bracket
賢者タイム,bracket
資源,link_new
資深刺迷版友拷貝貓(Copycat3),bold
資料庫,bracket
資料中的其中一個數據。,bold
賄選王ㄈ仔,bracket
費雯,bracket
買普洱茶,link_new
貢丸湯裡也沒有米田共,bracket
負雷,bracket
貝爾托特‧胡佛,bracket
貓餅,link_new
豬油不意外,bracket
豬哥亮頭,bracket
豬公,bracket
豪繩,bracket
豪神,bracket
豪洨文,link_new
象魯閣,bracket
象迷不意外,bracket
象腿幫霸凌事件,link_new
豆頁,bracket
豆導文,bold
豆導在PTT,title
豆導,bold
讚美馬英九徵文比賽,bold
讚嘆,bracket
讚 留言 分享,title
讓她生！讓她生！（讓他爆、讓他昇）,title
讓她生、讓她生！,bold
讓她生、讓她生,bracket
讓她生,bracket
讓女板更好,bracket
讓他爆、讓他爆,bracket
讓他爆，讓他爆,bracket
讓他爆,bold
讓他昇、讓他昇,bracket
讓他昇,bold
讓人丟臉,bracket
讀姐,bold
讀大葉，掃落葉,bracket
讀大葉，好就業，就好業，開巨業（註：當台中的公車業者巨業交通的駕駛），成霸業，創偉業，造宏業，向未來說YA,bracket
讀大葉，即失業,bracket
讀大葉，上大夜,bracket
護駕！,bracket
護理師,bold
護士與護理師之爭,title
護士ptt裝路人推文護航，攻擊同業,bracket
護士,bold
警察先生就是他,bold
警告,link_new
警世圖,bold
謝震武,bracket
謝金魚,bold
謝謝大家,bracket
謝謝你9527,bold
謝謝你，刀大,bracket
謝謝 現在急用,bracket
謝祖武,bracket
謙卑、謙卑再謙卑,bracket
諸神之黃昏,link_new
論點很特殊奇怪，可是又似乎有道理讓人想要相信,bracket
請退選,bold
請辭,link_new
請蔡英文放過艦娘,bold
請蔡英文放過○○,bold
請蔡英文放過....,bracket
請自備墨鏡,bracket
請看熱鬧的『鄉民』退到黃線外面去,bracket
請洽專板,link_new
請洽XX版,bracket
請洽XX板,bracket
請洽jay板,bold
請求上車,bracket
請教XX獵人,bracket
請把胖次還給我,bold
請問這算吳鳳接鬼嗎?,bracket
請問肛交真的比較榮一得到ADSL嗎,bracket
請問您今天要來點兔子嗎？在PTT（不用不用= =、點兔騎士）,title
請問中鋼可以買嗎？ ,bracket
請勿開槍，勿灌機油,bracket
談台灣男性的自卑與排外情結,bracket
調查兵團,bracket
調情,bracket
誹謗,bracket
課金爆死非洲人,bracket
課堂分組 ,bold
誰會要你啊,bracket
誰是苗栗三哥,bracket
誰是動力火車的三哥,bracket
誰是 JAY 的接班人？,bracket
誰才是新北三哥,bracket
誰在八卦版罵小馬試看看，ㄧ定劣退,bold
"誰在八卦版罵小馬試看看,ㄧ定劣退",bracket
說我帥，太沉重,bracket
說好的正直與善良呢？,bracket
說好不淮打臉,bracket
說好不提XXX,bold
說好不提261（話）,bracket
說好不提…,bracket
說好不提,bracket
說夠了吧,bracket
說到做到,bracket
說個笑話,bold
誤認,bracket
語言學板,link_new
語畢，哄堂大笑,bracket
語畢 哄堂大笑,title
誓死捍衛板規九,bracket
認真發廢文,bracket
認為,bracket
認同,bracket
詹姆士,bracket
該注意什麼？,bracket
該如何追女生,bracket
詩詞+寫作業,bold
詩板,link_new
試閱,bracket
試用文,bracket
詞/hiimlive,bold
詐死,bracket
註冊認證,link_new
註冊單,link_new
許願文,bold
設了,bracket
設S,link_new
記者正確,bold
記者快來抄,bold
記得發好發滿呀～,bracket
記得寫信告訴我今天的海是什麽顔色,bracket
討狐戰役,bracket
討拍文,link_new
討噓文、欠噓、成全你、偏不噓、幫噓、我先、跟上,title
討噓,bold
解職,bold
覽趴震,bracket
覽趴好,bracket
覺醒青年,bold
覺醒公民,bracket
覺醒,bracket
覺得大家用歧視的眼光看她,bracket
視訊追求,bold
視聽劇場,bracket
要變成 XX 的形狀了,bracket
要求對手主動退選,bracket
要有同理心,bracket
要是這篇被推爆我就…,bracket
要救六大派，來大都找我吧,bracket
要拿榔頭打爛她送的iPad,bracket
西部試閱失敗事件,title
西部板,bold
西部娘,bracket
西甲大戰,link_new
西洽活躍板友,title
西洽板,bold
西斯點,bracket
西斯版,link_new
西斯洨狐,bracket
西斯板春酒,bold
西斯板,link_new
西斯春酒籌備委員會,bracket
西斯感謝祭,bold
西斯廢文夜,bracket
西斯國際化,bracket
西斯七武海、西斯王下七武海,title
西斯七武海,bold
西斯56,link_new
西斯,bracket
西摳,link_new
褫奪公權半年,bracket
複雜的防衛機制,bracket
複習,title
製作人,bracket
裡洽版,link_new
裡洽(AC_In),bold
裝熟,bold
裝可愛,bracket
裝什麼可愛,bold
補血、幫補血、先補血、聖光術,title
補血,bold
補推,bracket
補噓,bracket
補刀文,bold
補個幹,bold
裏洽,bold
被雷到,bracket
被閃到,bracket
被自殺,link_new
被看破手腳,bracket
被盜帳號,bold
被無縫接軌,bracket
被水桶,bold
被推爆我就附圖,bracket
被捏了,bracket
被嗆了嗚嗚,bracket
被刪,link_new
被分屍了,bracket
被你勉強得逞的女生你做的快樂嗎,bracket
被人告,link_new
衰敗遊龍,bracket
表裡不一,bracket
表特板,bold
表妹,bracket
衣服板,link_new
衝紫爆事件,bold
衛斯理板,link_new
街亭文,bold
街亭很難守,bracket
行為垃圾的政客不分藍綠政黨都有,bracket
行政中立、依法行政、查無不法、謝謝指教,bracket
行動通訊板,link_new
蠹魚王,bold
螂性,bold
蜀漢老麵,bracket
蛋蛋的哀傷,bold
蛋蛋受難記,bracket
蛋蛋,bracket
蛆蛆（藍蛆、病畜）,title
蛆蛆,bold
處男,link_new
處理情緒失控,bracket
處女,bold
虎航空姐,bracket
虎爛版,link_new
虎哥,bold
虎,title
蘇美苗博雅因母豬教話題約戰事件、AA之亂,title
蘇美苗博雅因母豬教話題約戰事件,bold
蘇美包圍網,bracket
蘇美,link_new
蘇憶芬,link_new
蘇亮之戰,bold
藏頭文,bold
藏獒,bold
藏書界竹野內豐,bold
藏書王,bold
藍蛆,bold
藍綠惡鬥，票投第三勢力,bracket
藍綠,link_new
藍瘦香菇,bold
藍爆,bold
藍波,bold
藍染王,bracket
藍染,bracket
藍寶,bold
薪水板,link_new
薪水小偷,bracket
薪水小倫,bold
蕭葉雯,bracket
蓮子圖,link_new
葡京娛樂城,bracket
葉姵文,bold
葉克膜之亂,link_new
葉元成台,bold
葉佩雯,bold
葉佩文,bracket
萬神殿的掃地工,bracket
萬神殿,bracket
萬用三熊圖,bold
萬年板主,bracket
萬人響應萬人到場,bracket
萬人響應無人到場,bracket
萬人響應，萬人到場,bracket
萬人響應，一人到場,bold
萊納‧布朗,bracket
菲律賓與台灣領海,bracket
菲律賓王,bracket
菲律賓海巡船隻射殺台灣漁民事件（含便當文事件）在ptt,title
華肯,bracket
華生你突破盲點了、華生你突破盲腸了,title
華生你突破盲點了,bold
華生你突破盲腸了,bold
菜鳥,bracket
菜逼八,bracket
菜花,bracket
菜市場名,bracket
菊花,bracket
莫忘督割,bold
莫名奇妙,bracket
莎朶霓,bracket
莎拉懶人包,bracket
莎拉之亂,bold
莎印之戰,bracket
莊園大師,link_new
草不可避,bracket
范范,link_new
范植偉是什麼咖啊！演個海角七號就跩到天上去了！,bracket
英雄聯盟板,bold
英文老師常請假,bracket
英國吃屎,bracket
苦瓜妹,bracket
若調查結果發現，確有共用帳號之實者，砍除共用之帳號，初犯者本尊停權三個月,bracket
若對手柯文哲MG149帳戶被發現有任何瑕疵，柯也應退選。,bracket
苗栗小五郎,bold
苗栗國,bracket
苗博雅,bold
花椒記麻辣鴛鴦鍋,bracket
花果山,bracket
艾珮珊,bold
艦娘板,link_new
航運板（Navigation）,link_new
航空板,bold
舒服文（XXX令人舒服）,title
舒服文,bold
舒服XXX,bracket
舒服,bracket
臺語王,bold
臺灣的魯蛇,bracket
臺灣王,bold
臺灣每人平均資產七百萬,bracket
臺灣歷史王,bold
臺灣平均薪資每月五萬,bracket
臺灣希望群星館,link_new
臺灣大學,link_new
臺灣,bracket
臺山湯告魯斯,bracket
臺大人生學程,bracket
臺中不意外,bracket
至於你信不信，我反正信了,bracket
至今逍遙法外,bracket
臭臭,bracket
臭肥宅,bold
臭死,bracket
臭宅,bold
臭,title
自豪,bold
自自的,bracket
自自,bold
自肥,bracket
自稱,bracket
自殺文,bold
自殺,bracket
自掛東南枝,bracket
自從我首頁改成 hao123 後 再也沒被綁架過了,bracket
自己沒錯，都是別人的錯,bracket
自己受到歧視跟詛咒,bracket
自己人,bracket
自宮,bracket
自動販賣機爆走,bold
自介文,bold
自介,bracket
臨時聊天板,bold
臨時心情抒發板,bold
臧霸,bracket
臣又,bracket
臣亮言,bold
臉被打腫的釣客,bracket
臉書粉絲頁,link_new
臉書ptt粉絲團,link_new
臉很綠的豆子是什麼？   Ans：綠豆,bracket
膝蓋軟了,bracket
膝蓋中箭,bracket
腿了,bold
腹推,bracket
腳趾推,bracket
腦補,bracket
腦殘沒藥醫,link_new
腦殘,bracket
腥伯,bold
脾氣不好,bold
能量,bracket
能上表特,bracket
胸推,bracket
胖胖,bold
胖子,bracket
背影,bracket
肯德雞像屎大大,bold
肯德基像屎大大,bracket
肩推,bracket
肥皂錢和瓦斯費,bold
肥宅自己要貼母豬怪誰？,bracket
肥宅會跳肚皮舞有加分嗎？,bracket
肥宅會瞬間移動有加分嗎,bracket
肥宅會彈鋼琴有加分嗎？,bracket
肥宅會做菜有加分嗎？,bracket
肥宅得不到的就叫做母豬吧！,bracket
肥宅很幽默有加分嗎？,bracket
肥宅就直接0分了,bracket
肥宅做什麼都扣分,bracket
肥宅XXX，有加分嗎？,bracket
肥宅3公里跑12分鐘有加分嗎？,bracket
肥宅,bold
肥仔,bracket
股票版,link_new
股票板,link_new
股板,link_new
肛門榨甘蔗,link_new
肛肛好,bold
肛肛、肛肛好,title
肛肛,bold
肛他,bracket
肛世代,bracket
肚臍的英文你知道嗎？,bracket
肚臍推,bracket
肚子推,bracket
肘擊胸部,bold
肘擊她奶子（肘擊胸部）,title
肘擊她奶子,bold
肘擊大奶子,bracket
肘擊XX,bold
肉包之亂,link_new
聽首歌吧 …,bracket
聽說,bracket
聽海哭的聲音,bracket
聽海,bracket
聽朋友說,bracket
聽來的,bracket
聯合重工,bold
聯合報、聯合重工,title
聯合報,bold
聯合不意外,bracket
聚眾癱瘓看板正常運作處理規則,bracket
聖路易紅雀隊板,link_new
聖戰,bracket
聖安東尼奧馬刺球隊(San Antonio Spurs)隊版,bold
聖人模式,bold
聖人,bracket
聊天室滑起來！等等我一個一個檢查，沒滑起來一個一個拖出來打斷鼻樑！,bracket
聊天室,link_new
而非 ptt 特別用的，就不特別標示,bold
考試都考100分,title
老闆雞排、珍奶一分,bracket
老虎,bracket
老皮,link_new
老木,bold
老婆走不出舊戀情就跟老公結婚，不是回收是什麼??,bracket
老女人,bracket
老司機之亂,bold
老司機,bold
老人、女人、老女人,bracket
老二,bracket
老ㄙ,bracket
耀揚哥,bold
習近平稱帝,bracket
義美食品,link_new
群組,bold
美音online,bracket
美軍1945年在長崎.廣島分別投下了一份聯合報,bracket
美豔人妻愛撫妻,bold
美術站長,link_new
美艷人妻靚妹版花愛撫妻,bracket
美粧板,link_new
美江網羅電音夜,bracket
美江生氣了,bracket
美江沒有極限,bracket
美女荷官在線,bracket
美堂蠻與她的快樂夥伴,bracket
美乃滋,bracket
美の偽娘,bracket
羅禮士,link_new
罷免,link_new
罰單(罰單停權),bold
罰單,title
置底閒聊文,bracket
置底曬卡區,bracket
置底文章,bold
置底,title
缺乏業務能力,bracket
繼承好友陣線的遺志，,bold
繞過大師,bold
繁體中文20,bold
總監,link_new
練蠱,bracket
編輯文章,link_new
綿木蜜雪兒,bracket
綺想世界,bracket
網軍,bracket
網路金鋼狼,bracket
網路訴訟資詢板,link_new
網路作家版,link_new
網購板,link_new
網羅,bracket
網球板,link_new
網友,bold
網內互打免費,bracket
維大力,bracket
維修,link_new
綠黨,link_new
綠豆糕,bracket
綠茶婊,bracket
綠綠的,bracket
綠綠,bracket
綠皮卡不要亂用,bracket
綠皮卡,bold
綠爆以上事件列表,title
綠爆,bold
綠扁帽大,bold
綠帽,bracket
綠吱,bold
綠光罩頂,bracket
綠光的事,bracket
統神？是你？？,bracket
統一常數,bracket
給開司一罐啤酒,bold
給開司一罐…,bracket
給開司…,bracket
給鄉民問嗎？,bracket
給她吃肉棒,bracket
給XX一條麻繩讓XXX自盡吧,bracket
給XX一條麻繩,bold
給xx一條麻繩,link_new
給Gasol 一條繩子！,bracket
結束了,bracket
結拜吧」,bold
結哥,bold
終於戰勝黑眼圈,bracket
紳士（ㄅㄧㄢˋ  ㄊㄞˋ）,bracket
細川,bracket
累了嗎？聽首歌好嗎？,bracket
紫色小魚花園,link_new
紫色噴霧,bold
紫爆活動,bracket
紫爆,bold
素肚,bold
純推不下,bracket
純推,bracket
紐大校長見馬英九　以擁抱代替握手,bracket
紅襪板,link_new
紅茶,bracket
紅的明顯,bold
紅的喜氣,bold
紅明顯,bold
紅心點,bracket
約炮,bold
約戰,bracket
約克羊陣線,bold
約克羊(,bold
約克羊,bold
系邊,bold
系統過載,link_new
系統警察,link_new
系列文,bold
糟糕島,bold
糟糕,bracket
糟了，是生殖器官,bracket
糟了，是世界奇觀,bold
糟了,bracket
糞性戀,title
糗爺,bold
精釆,bracket
精華區,link_new
粉絲板,bracket
粉紅,bracket
米分系工女乃豆頁,bracket
簽名檔,bold
簽到,bracket
簽下去,bold
箱民,bracket
箱子,bracket
箭頭測風向,bracket
箭頭,link_new
等待不到的事物,bracket
等待,bracket
等到我一無所有，他就跟我賭手賭腳,bracket
筆記,bracket
第四屆ptt風雲人物投票,bold
第四屆pttfamous（風雲人物票選）,title
第五屆 PttFamous（風雲人物投票）,title
第五屆 PttFamous,bold
第二次母豬教聖戰,bracket
第二屆批踢踢流行語大賞,bold
第二屆PttFamous（風雲人物投票）,title
第二屆PttFamous,bold
第三屆批踢踢流行語大賞,bold
第三屆 PttFamous（風雲人物投票）,title
第三屆 PttFamous,bold
第一次見面就攜帶ＫＹ和保險套並與該女鄉民見面,bracket
第一次見女網友該注意什麼？,bracket
第一次母豬教聖戰,bracket
第一次,bold
第一手電源,bracket
第一手天元,bold
第一手大元,bold
第一手五之五,bold
第一屆批踢踢流行語大賞,bold
第一屆 PttFamous（風雲人物投票）,title
第一屆 PttFamous,bold
第一個吃蝦子的人在想什麼?,bracket
第一個吃皮蛋的人在想什麼？,bracket
第一個之亂,bold
第一個....人在想什麼?,bracket
第一個,bracket
第一人稱,bracket
笨蛋,bracket
笨板表特化,bracket
笨板板規九、板龜酒,title
笨板板規九,bold
笨板文,bracket
笨板並沒有板規九,bracket
笨板,bold
笑點,bracket
笑話回娘家,link_new
竹野內豐,bracket
竹北車站,bracket
竟然想搶藍染王的生意,bracket
站長群,bold
站長會議,link_new
站長,bold
站規,link_new
站務顧問,link_new
站務警察,link_new
站內信聯盟,bracket
站內信yoyodiy,bracket
站內信+5000p,bracket
站內信,bold
站你娘親,link_new
空虛寂寞覺得冷,link_new
空白文,bracket
空城計,bracket
種花不意外,bracket
秦楊板,link_new
秦國連百貨公司都沒有哪裡超越了,bracket
秦國沒有百貨公司,title
秦國有百貨公司？,bold
秒買秒退,link_new
科科科科科,bracket
科科（ㄎㄎ、顆顆）,title
科科,bold
科技版,link_new
科技業板,link_new
科技板,link_new
私德太差,bracket
私人信件區,bracket
秀下限,bold
禾斗禾斗,bracket
禮儀,bracket
禁止重複推文,bracket
禁止人身攻擊、挑釁、歧視或引戰意味之言詞用語。,bracket
祭品文,bold
祭品,bracket
神龍,bold
神魔之塔板,link_new
神釣手,bracket
神貓大,link_new
神貓,link_new
神說要有PTT 於是有了PTT,bracket
神經病（關電視）,link_new
神經病！(關電視),link_new
神相簿,bracket
神父我有罪,bracket
神父，我有罪,bracket
神父,bold
神機,bracket
神木,bold
神曲,bracket
神得到我就吞籃球架,bracket
神尼,bold
神圖,bracket
神勇？,bracket
神人,bold
神之卡,bracket
神串留名,bold
神、神人,title
祝福,bracket
社會亂源,bracket
社后,bold
磁碟重組,bold
硬了,bracket
破麻、PUMA,title
破麻,bold
破媌,bracket
破壞之王,bold
研究所板,link_new
砍掉重練,bold
砍掉,bracket
矽谷,bracket
睪丸文,bold
督割事件,bold
睡菊,bracket
睡學生,bracket
睏哈星,bracket
眼睛,bracket
真相大白,bracket
真相,bracket
真的好想贏韓國,bracket
真男人…咦…真女人才對,bracket
真男人,bracket
真歹笑,bracket
真正的母豬,bracket
真是忍辱負重,bracket
真愛,bracket
真想撞豆腐自殺,bracket
真心祝福，你的故事很浪漫：）,bold
真強者,link_new
真像一塊塊綠豆糕。,bracket
真der,bracket
看聯合報拿高分專欄,bracket
看笨版長知識,bracket
看笨板長知識,bold
看清楚反波波人士的真面目,bracket
看板警察,link_new
看板位置,bold
看板人氣,bold
看板人數、看板人氣,title
看板人數,bold
看板,bold
看性版學姿勢,bracket
看到xxx就直接END,bracket
看似有道理，但實際上什麼也沒講,bracket
省錢板,link_new
省衛生紙錢,bold
相信我之術,bracket
直到我的膝蓋中了一箭,bold
盲生 你突破華點了！,bold
目前由,bold
目前已知的陣線總人數約460餘人,bold
盤子,link_new
盡力把推動讓八卦板變得更搞笑、有趣、歡樂,bracket
盜p幣事件,link_new
盜1.4億批幣事件,link_new
盒盒可愛 <3,bold
盒盒,bold
盒三小,bold
皇民吱,bracket
皇民,bold
百問百答,title
白的明顯,bracket
白痴,bracket
發雞排,link_new
發錢文,link_new
發錢,bold
發車,bracket
發覺………,bracket
發表文章,bold
發生性關係,bracket
發現不論哪個姑娘的名字，後頭加個“.rmvb”或者“.avi”，看上去頓時就有了 一種別樣的曖昧與風騷,bracket
發文限制,bold
發文都有聲音,bracket
發文要附圖,bracket
發文權限、發文限制,title
發文權限,bold
發文時機很好,bracket
發文創意不足，下次再來,bracket
發文不附圖此風不可長,link_new
發文不附圖，此風不可長,link_new
發文,bold
發卡,link_new
登入畫面,link_new
登入次數、上站次數,title
登入次數,bold
癌症重症兒童中途之家,bracket
瘦宅,bracket
瘟腥,bracket
瘋狂做愛,bracket
痞踏辣,bracket
病魔加油,bold
病畜,bracket
疊印記,bracket
當年我每回翻開課本，腦袋裡就先告訴自己 這是戰場，我是來拼命的,bracket
畫面,bracket
畜牲,bracket
留言,bold
男生真的要好好保護自己,bracket
男板,link_new
男女版,link_new
男女板,link_new
男女,link_new
男、女朋友,bracket
甲級動員,bracket
甲甲之戰,link_new
甲甲,bold
甲板隔空水桶事件,bold
甲板,bracket
甲文,link_new
甲子權亂,title
"由於需要回台灣。
回台灣之後手邊沒有電腦 ",bracket
"由於我明年要進軍二輪車界組一個車隊,沒有多餘
時間上來ptt這邊推圖,並且由於這個運動對我說是
沒有任何危險性的,但是對於車手來說是具有高度危
險性的運動.
因為我是總領隊,必須要考慮到很多問題,沒有多餘的
時間來思考其他的事情來娛樂鄉民.
然後ac4r只是我車隊的名稱並非是我在這裡出名的原
因,我在西斯版出名這當初的原因是我真的很無聊,在
玩推圖之後然後莫名其妙就出名了.
所以在2013/12/24號過後,這個帳號只剩下看文章的功
能,並不會做任何的事情,以上我最後發言給鄉民的聖誕
禮物.
我這個人沒有任何夢想,我只會實現別人的夢想.",bracket
由於K島匿名性高，,bold
田ㄙ,bracket
用麵線上吊,bracket
用肛門榨甘蔗,bold
用ptt看天下,bracket
產官學宅鄉婉,bold
生理寶健,bracket
生理保健,bracket
生活娛樂館,link_new
生活在鬼島,bracket
生氣,bold
生日,title
甜蜜的復仇,bracket
甜+辣,bracket
甘蔗姊姊,bold
瓶中信,bracket
瓦哥，是你？,bracket
瓦哥,bold
瓦力爆錶,bracket
瓦力學之父,bracket
瓦力,bold
瓦倫達效應,bracket
瓦倫達,title
理財規劃板,link_new
理由伯,bracket
理性中立選民,bold
理性中立,bold
球給志傑,link_new
現實的風向早就變了,bracket
現場轉播文,bold
現在的工作好不好,bracket
現在放棄的話，比賽就結束了,bracket
現在放棄，比賽就結束了,link_new
現在放棄，寒（暑）假就開始惹,title
現在我跟一個女生正在旅館裡面，女生剛剛去洗澡了，請問西斯板友們我現在該怎麼辦?,bracket
現在急用,bold
現在人工智慧這麼進步了喔！,bracket
珮珊姊姊,bold
玻璃心碎滿地,bracket
玻璃心發作,bracket
玻璃心,bold
玩法,bracket
玩家,bracket
王王冷,bold
王浩宇,bold
王建民的前隊友XXX,bracket
王建民板,link_new
王下七武海,bracket
獵人知識+,bracket
獵人板,bold
獲利有限 風險無窮 盈虧自負,link_new
獅魯閣,bracket
猿魯閣,bracket
猶太人,bold
猶他爵士板,link_new
猜謎文,link_new
狼煙,bracket
狼性,bold
狐狸精,bracket
狂秀下限,bracket
狂甲,bracket
狂新聞,bold
狂戰士模式,bracket
狀態,link_new
犬犬,bracket
牽手護肥宅,bracket
牽手護XX,title
特約作家朱子,bracket
特性,bracket
特定的女性,bracket
"特定版友緊抓著球員可受公評、版友言論免責、版規也禁止""討論版友""、加上spurs2120版主保護傘，繼續大肆攻擊",bold
牛魯閣開張了,bracket
牛魯閣時間,bracket
牛魯閣,bold
牛頓當時就是被聯合報打到頭才會發現地心引力,bracket
牛肉之亂,link_new
牛牛不意外,bracket
牙牙卡卡,bold
版規,link_new
版主spurs2120則明顯袒護某些版友，導致版上三不五時便會有看不下去的刺迷大動作強調不滿。,bold
版主,link_new
版上都乾了,bracket
版上水很多,bracket
牆頭草,bracket
爸爸開始對她很兇,bracket
爸媽囧很大－ptt是什麼,title
爸媽囧很大,bold
爬文,bold
爪爪,bracket
爪二,bracket
爛記者,bracket
"爛兵683T瘋狗人渣秦豐鍾志偉,犯賤!去死!幹! ",bracket
爛兵 683T 人渣賤狗張順瑋,bracket
爆走金魚,bold
爆裂魔法,bold
爆炸到裂開,bracket
爆文,link_new
爆卦造假，視同嚴重鬧板，退回水桶一年,bracket
爆卦,bracket
燻雞fat pork,bold
營養師版,link_new
燒燬,bracket
燒毀同性戀靈的網羅,bracket
燒毀,bracket
熱門看板,link_new
熱門板面,link_new
熊貓豆腐,bracket
照片,bracket
煞氣ㄟ骨科,bracket
然後瘋狂做愛,bracket
然後他就死掉了,bold
無雷,bracket
無重大八卦,bracket
無腦,bracket
無縫接軌、吳鳳接鬼,title
無縫接軌,bold
無縫,bracket
無病呻吟,bracket
無界塾,bracket
無理由,bracket
無法引發八卦討論明知故問,bracket
無意義推文,title
無差別亂吐日,bracket
無卦,bracket
烏咪沒有犯罪,bold
烏咪,bold
為何我跟幾個同學出去吃飯後，下次就不約我了？,bracket
為何女板對母豬一詞這麼敏感,bracket
為何XX地點不蓋球場,bracket
為什麼說好不互噓的好友陣線會有G軟?,bracket
為什麼要放棄治療？,bold
為什麼要放棄治療,bracket
為什麼牛都mo mo 叫？,bracket
為什麼沒有 wifi,bracket
為什麼女生都看不起他,bracket
為什麼圍棋要分男女比賽？,bracket
為什麼你們常在網上打『廠廠』啊？,bracket
為什麼今天圓山站特別臭？,bracket
為什麼XX企業很有錢不組球隊,bracket
為了要上網這樣犧牲太大了吧,bracket
為了保障言論自由，你要提供踢爆文屬於不實虛構，才可以刪文。,bracket
炸裂文,bracket
炸裂、炸裂文,title
炸裂,bold
炸湯圓這玩意...我真的很想說這玩意很騙錢= =炸好的湯圓用花生糖粉做搭配，這點有啥困難@@?（Re: [問卦] 吃辦桌菜要吃哪一道菜才內行? ）,bracket
炫耀,bracket
火蠅人者,bracket
火星文,link_new
灌水,bold
瀏覽器版,link_new
濫用爆卦,bracket
濫情,bracket
濠洨,bracket
激怒,bold
澳門首家線上賭場上線啦,bold
漳和國中,title
漫長的戰鬥終於畫下休止符,bracket
漫畫吐槽板,bold
漫吐板,bold
漫吐,bracket
漢堡王,bracket
漁二代,bold
滿滿的大．平．台！,bold
滿懷感激的正拳,bracket
滿懷感激地xxx也要支持中華隊,bracket
滾回去,bracket
滾動,bracket
滷蛇,bold
滯台皇民,bracket
滯台支那人,bracket
滑起來,title
滑幹先知,bracket
溫馨笨版,bracket
溫馨,bold
溫柔的人，都值得幸福,bracket
溫拿,bracket
準確度,bracket
準備在北韓發現大規模毀滅性武器,bracket
湯姆克魯斯板,link_new
湯圓放入滾油後再加入花生糖粉，我去年還沒回去學辦桌時，吃喜宴也有吃到這道菜，心裡真的是ooxx，我寧願出炸甜腰果，腰果比湯圓麻煩多了，鑒於如此我來送福利好了，只要是PTT的鄉民找我辦婚宴，炸湯圓免費奉送啦！,bracket
湖中女神,link_new
渴霧享樓,bracket
測風向,bold
清淨,bracket
清流,bold
清新中立懶覺板^Q^,bracket
淺藍爆,bold
淺綠爆,bold
深長 blow,bracket
深藍爆,bold
深度文,link_new
淡淡的哀傷、蛋蛋的哀傷,title
淡淡的哀傷,bold
淡定紅茶、淡定哥、分手擂台,title
淡定紅茶,bold
淡定哥,bold
淡定,bracket
淑女 （ㄈㄨˇ ㄋㄩˇ）,bracket
涼宮春日與她的快樂夥伴,bracket
消波塊,bold
浸水桶,bold
海鳥,bold
海釣王,bracket
海賊王板,link_new
海賊板,link_new
海盒,bold
海產王、養殖漁業王,bold
海水退潮就知道誰沒穿褲子游泳,bold
海景第一排,bracket
海外工作板,link_new
浪費才能,bracket
浪女跟貞女,title
浪女與貞女的差別,bracket
浪女與貞女,bold
流行,bracket
流氓,bracket
洽XXX板,bracket
活水來冊房主人,bold
活動部,link_new
活動站長,link_new
活動中心,link_new
洪仲丘事件在ptt,title
洪仲丘事件,bold
洩露隱板資訊,bracket
洨狐,bold
洨,title
洗衣機,bracket
洗腦,bracket
洗白,bracket
洗版,link_new
洗澡（洗臉）刷牙睡覺去吧,bracket
洗洗睡啦,bracket
洗洗睡吧,bracket
洗洗睡了,bracket
洗洗睡,bold
洗板,link_new
洗數據,bracket
洗上站次數,bracket
洋蔥文、加了洋蔥,title
洋蔥文,bold
洋基板,link_new
泰皇,bracket
泰國國家石油股份有限公司,bracket
注音文,link_new
"注意: 此頁有控制碼,原內容並不一定有有您真實個人資訊",link_new
泣板,bold
波波,link_new
泡麵怎麼吃才健康?,bracket
法院認證的政治垃圾,bracket
法院認證的嫖妓男,bracket
法院認證的XXX,bold
法院認證的xx,title
法院認證,bracket
法院是國民黨開的,link_new
法西斯板,link_new
法西斯,link_new
法律認證XXX,bracket
法務站長,link_new
治療,bracket
沙發,bracket
沙拉裡面好緊好熱,bracket
沙威馬,title
沙威瑪,bold
沒驗票沒真相,bracket
沒辦法啊，陸客不來了，你我都受害。,bracket
沒辦法啊，你我都受害,bold
沒辦法啊 住在鬼島 五五六六得第一  你我都受害,bracket
沒辦法啊 住在鬼島 xxxxxxx 你我都受害,bracket
沒辦法啊,bracket
沒辦法住在鬼島,bracket
沒穿褲子,bracket
沒空,bold
沒有極限,link_new
沒有性慾的狀態,bracket
沒有BBS我活不下去阿,bracket
沒有 XXX，失敗,bracket
沒救了~砍掉重練吧,bracket
沒救了,bracket
沒想到我會在死人面前說謊吧,bracket
沒女友,bracket
沒圖沒真相,bold
沒同理心,bracket
沒吃飽吃滿歡迎幹爆我！,bracket
沒人會戰的另一組,bracket
沒事兒沒事兒,link_new
沒事兒！沒事兒！,bold
沒56ID還敢問56的卦,bracket
沒，被盜,title
沉默的多數,bracket
決鬥文,bold
決鬥,bracket
汲汲營營,bracket
汪踢板,link_new
汪踢,link_new
汪梯,link_new
池上戶彩,bracket
江小辣影片事件與鎖文之亂,title
江小辣,bold
汝不悅勿視,bracket
求神,link_new
求真相,bracket
求檔文,link_new
求圖,bracket
永遠離開mentalk版,bracket
永睫諫皮,link_new
永久水桶,bold
水精靈,link_new
水球,bold
水泥預拌車啟動,bracket
水桶某特定版友三週,bold
水桶哥,bold
水桶,bold
水利系室友,bracket
氣質,bracket
氣味,bracket
氣到發抖,bold
民進黨推行的事物皆為台灣價值的體現,bracket
民視板,link_new
民用航空運輸管理規則,bracket
毫無回應，就只是個長老,bracket
毫無反應就只是個XX,title
毫無反應，就只是個XX,bold
毫無反應，就只是NPC,bracket
毛毛的,link_new
比較忙,bracket
比較好,bracket
比爾陳,bold
比利時,bracket
每日排毒,bold
每日任務(1/1),bold
每日任務,bold
每個消波塊內，都有一個靈魂,bracket
每人平均有一顆睪丸,bracket
母豬騎士來喔~,bracket
母豬騎士,bracket
母豬母豬夜裡哭哭,bracket
母豬母豬，夜裡哭哭,bracket
母豬板,bold
母豬文,bold
母豬教殉教事件,bracket
母豬教教徒,bracket
母豬教出征事件,bracket
母豬教主,bold
母豬教,bold
母豬就應該給豬幹,bracket
母豬作母豬受,bracket
母豬之亂,bold
母豬X沙豬,bracket
母豬,bracket
母X,bracket
段譽,bracket
段木香菇一日體驗營,bold
殲滅支那人跟搞統戰的五毛,bracket
殉教,bracket
死魚魚,bold
死魚推我只好噓了,bracket
死魚噓我只好推了,bracket
死魚,bold
死阿陸,bracket
死神板,link_new
死忠,bracket
死亡之握、馬賽傳奇,title
死亡之握,bold
歷史老師常請假,bracket
歷史板,link_new
歧視,bold
正要…的時候，就醒了,bracket
正義魔人,bracket
正確的,bracket
正直與善良都回來了,bold
正直與善良又要不見了,bracket
正直和善良會回來,bracket
正氣歌,bracket
正晶限時批,bracket
正晶文,bold
正常能量釋放,bold
正常女性,bracket
正妹板主,bracket
正妹,title
㊣咩板主™偽娘,bracket
歡迎查IP，但不要盜帳號，謝謝大家！,bracket
歐陽姊妹在八卦板,title
歐陽妮妮,bold
歐洲王,bracket
歐洲客家人,bold
歐洲人,bracket
歐巴馬,bracket
歐兔板,bold
歌曲,bracket
欺負長ID,link_new
欸～可以幫我拿我的內褲一下嗎？我忘了拿,bracket
欲相姦無,bracket
次等人,bracket
次元刀,bold
欠噓,bold
檢舉魔人,bracket
檢舉達人,bracket
檢舉王是地方的媽媽？,bracket
檢舉王,bold
檢舉機(雞、姬),bold
檢舉姬,bracket
橘子,bracket
標題藏頭文,bracket
標題不完整,bracket
樓層（樓上、樓下、幫蓋、電梯向下）,title
樓層,bold
樓主好人一生平安,bold
樓主,bold
樓下雨狗,bracket
樓下請給分,link_new
樓下是XX嗎,title
樓下幫補,bracket
樓下幫噓,bracket
樓下yoyo大師,bracket
樓下hy,bracket
樓下ChinLan,bracket
樓下 obov,bracket
樓下,bracket
樓上胃口真好,bracket
樓上的數學老師常請假,bracket
樓上掰掰,link_new
樓上張爸,bracket
樓上口味重,bracket
樓上你好糟糕,bracket
樓上中肯,bracket
樂透,bold
榮譽版主,bracket
榮尼王,bold
業配文,bracket
楊醫美,bold
楊過段譽,bracket
楊又穎自殺事件在PTT的影響,title
楊伊湄,bold
森77,bold
棒球板主崩潰事件,link_new
棒球板（Baseball）,title
棒棒,bracket
棋靈王,bracket
棋國,link_new
棄保運作,bracket
梗。,link_new
梗，,link_new
桶神,bracket
桶二,bracket
桌遊板,link_new
根本XX,bracket
根本,bracket
校園裡單純的愛情?! 事件,bold
柯黑,link_new
柯文哲陣營擁有33個分身帳號，張貼上百篇揶揄、嘲諷連勝文的文章，IP都來自柯文哲競選總部和青年部辦公室,bracket
柯文哲凱校活動事件,bracket
柯P失言,bracket
查詢個人資料,link_new
查詢,link_new
查理,link_new
查無不法，謝謝指教,title
查水錶,link_new
查水表,title
查榜,bracket
查你 IP,bracket
查 IP,bracket
某郎安捏a啦,link_new
某樓你突破盲點了,bracket
某業務單位,bracket
柏油,bold
架空歷史板,link_new
架架架架…,bracket
果然被查IP了，我也不會迴避jessypei是我同事，taipeixcity是我，allyours 也是我同事。我們用的都是辦公室wifi，IP相同，也只是剛好而已,bracket
林奕含事件,bold
板龜酒,bracket
板面,bold
板規解釋,bracket
板規四,bracket
板規六,bracket
板規九,bracket
板規,link_new
板花愛撫妻,bracket
板聚,title
板皇條款,bracket
板橋板,link_new
板標串連推齊,link_new
板標串連,link_new
板標,bold
板服,link_new
板慶,link_new
板工,link_new
板名推齊運動,link_new
板名推齊,link_new
板友名單,bold
板友,bold
板務管理,link_new
板主板,bracket
板主是我的了,bracket
板主帶頭發廢文,bracket
板主,bold
東興烏鴉-耀揚哥,bracket
東海學生作業事件,link_new
東海大學 劈腿事件喧騰網路,bracket
東泉辣椒醬,title
東東事件,link_new
東方閃電,bracket
東方神秘力量,bracket
東哥!敬你的懶趴( ′▽`)-o█ ,link_new
東南亞大使,bracket
東北三寶,bracket
東仙,bracket
杜鵑颱風颱風假在PTT,title
杜老爺,bracket
杜老大,bracket
李組長眉頭一皺，發覺案情並不單純,bold
李組長眉頭一皺，發現事情並不單純,bold
李組長眉頭一皺 發現督割案不單純,bracket
李組長眉頭一皺,bracket
李組長（fuunshing）,title
李組長,bold
李星,bracket
李姓中壢選民,bold
李嚴系,bracket
李亦伸（糗爺）在ptt（LYS、亦伸文）,title
李亦伸,bold
本魯蛇,bracket
本魯,bracket
本蛇,bracket
本臭宅,bracket
本臭,bracket
本肥宅,bracket
本肥,bracket
本票,title
本板清流,bracket
本板不歡迎自介,bracket
本日最中肯,bracket
本文鎖定,bracket
本文章已被吃掉,bracket
本文章已被刪除,bracket
本公主的回合 抽牌,bracket
本公主,bracket
本來就是這樣，所以發生這種事不意外,bracket
本來XXX也是XXX的，直到膝蓋中了一箭,bracket
本來,bracket
本佛,bracket
本人為了社會和諧，暫時不表演自含懶叫,bracket
未看先猜樓下email,bracket
未看先猜樓上XXX,bracket
未看先猜樓上fleeaaa,bracket
未看先猜是nothisman,bracket
未看先猜三寶,bracket
未看先猜一樓推XXXX,bracket
未看先猜一樓fleeaaa推未看先猜,bracket
未看先猜XXX,bold
未看先猜_____,bracket
未看先拆,bracket
未檢附溝通記錄,bracket
未X先X,bracket
期末自殺潮,bold
期末自殺吼～,bracket
期末考又到了,bracket
期中自殺潮,bold
朝聖,bracket
服貿討論板,link_new
服貿板,link_new
朋友就是你自己,bracket
朋友啊,bracket
有雷,bracket
有雞雞先扣分,bracket
有閃光,bracket
有趣但錯誤,bracket
有話就直說的ACGN討論板,bracket
有股蛋蛋的哀傷,bracket
有股淡淡的哀傷,bracket
有精有液西斯人,bracket
有笑有推（有校友推）,title
有笑有推 畫面感十足,bracket
有笑有推,bold
有空,bracket
有種就衝著我來,bold
有神快拜,bracket
有無PTT最多登入次數與官階的掛?,bracket
有洞有加分,bracket
有洞先加分,bracket
有洞60分,bracket
有沒有鄉民很愛問誰打不打贏館長的八卦,bracket
有沒有洗澡不擦乾的八卦,bracket
有沒有殷允芃的八卦,bracket
有沒有塊陶啊的八卦,bracket
有沒有在圖書館長時間佔位的八卦？,bracket
有沒有土龍的八卦,bracket
有沒有土豪的八卦,bracket
有沒有土方令的八卦,bracket
有沒有台灣冷門科系在國外是熱門的八卦,bracket
有沒有叔、伯、姐、姨的八卦？,bracket
有沒有公館長興街的八卦？,bracket
有沒有人首頁是 hao123？,bracket
有沒有七張梨的八卦啊？,bracket
有沒有一片車牌讓人又軟又硬的八卦?,bracket
有沒有XXX的八卦,bracket
有沒有XXX der八卦,bracket
有沒有h版主是小峱峱獨裁者的八卦,bracket
有沒有  七七  禾刂 日寺  的八卦？,bracket
有氣質,bracket
有校友推,bracket
有曾經來我這裡消過費的客人 都知道我的做法 我的做人,bracket
有捏,bracket
有情有義分隔線,bold
有建仔，有加分,bracket
有孔菜刀,bracket
有奶有加分,bracket
有失水準,bracket
有圖有真相,bracket
有加分嗎？,bold
有功夫無懦夫,bracket
有人說以後會有更多東西被屏蔽呀怎麼辦，靠北啊你們唬爛就沒關係啊,bracket
有人看我眼紅,bracket
有人毒害我,bracket
有人打你的右臉，連左臉也轉過來由他打,bracket
有下有推、純推不下,bold
有下有推,bracket
有一點ㄏ，又不會太ㄏ,bracket
有一種哀傷的感覺,bracket
有XX，有加分,bold
月經文、週經文、日經文,bold
月經文,bracket
月台,bracket
會有人說我戀棧嗎？我猜會,bold
會怎麼樣,bracket
最魯,bracket
最近雞排攤生意不好,bracket
最近覺得這句-->GG ININ很有梗，找到機會一直想推,bracket
最近死神變難看了,bracket
最愛盜領P幣,bracket
最後的結論,bold
最強的救援投手是誰？,bracket
最強,bracket
最帥之亂,bracket
替代役不意外,bracket
曾經和陳偉殷對戰過的XXX,bracket
曹操生子當如？,bracket
書藉板,link_new
書板,link_new
更多更詳盡歌詞在※ Mojim.com 魔鏡歌詞網,bold
曲藝士之亂,link_new
暴料公社,link_new
暴動,link_new
暱稱,link_new
暫時的,bracket
暗黑神龍,bracket
暗黑版神龍,bracket
暗罵,bracket
智乃騎士,bracket
景美建中事件,link_new
景嵐在我下面,bracket
普雷萬,bracket
普雷,bracket
晚點名,bracket
晚上十點以後不要打電話給我，因為我睡了,link_new
晚上7:00立法院群賢樓發動抗議,bracket
時候,bracket
時代,bracket
是馬謖失街亭吧？,bracket
是馬岱失街亭吧！,bracket
是要掩蓋什麼,bold
是想掩蓋什麼,bold
是哪招,link_new
是個軟體,bracket
是不是長得跟如花或許純美一樣,bracket
是不是要換下一份工作,bracket
是不是到公海了？,bracket
是不是,bold
易建聯怒砍2分 幫助騎士勝巫師,bracket
明翰3C,bold
明明2沒壞啊？,bracket
明天要跟女同事吃飯，該怎麼打開場面呢？,bracket
明天就要期末考了，但是蹺課太多弄不懂，怎麼辦？,bracket
明天報到,title
昇天,bracket
早晨運動,bracket
日行一善,bracket
日經文,bracket
日本板,link_new
日本旅遊板,link_new
日本戰國板,link_new
日月明功,bracket
日常系,link_new
日劇板,link_new
日久生情,bracket
旅外就是神,bracket
旅台就是神,bold
施鹽,bold
施旖婕／綜合外電報導,bracket
方丈,bracket
斷開連線,bracket
斷水流大師兄,bracket
新頭殼之亂,link_new
新警察小武,bracket
新警察,bold
新訓,bracket
新竹板,link_new
新球,bracket
新歌,bracket
新德文,bracket
新店、烏來的朋友都超後悔投柯文哲,bracket
新宅男女神,bracket
新北市在PTT,title
新北市,bold
新兵,bracket
新人歌手,bracket
新二二八事件,title
新．689,bracket
文體,bold
文青式,bracket
文青,bracket
文組誤國,bracket
文組被自然組當廢物,bracket
文組害台灣,bracket
文組,bracket
文章數,bold
文章太長了我直接按下END鍵,bracket
文章代碼,link_new
文摘,link_new
文字獄,bracket
文具板,link_new
文人相輕,bold
數學老師時常請假,bracket
數學老ㄙ常請假,bold
數學老ㄙ常常請假,bracket
數字板,bold
數字,bracket
敵將討取,bracket
整個砍掉重練,bracket
整個城市都是我的化工廠,bracket
整個城市就是我的咖啡館,bracket
敲口i,bracket
敬禮！,bracket
散布猥褻圖片,bracket
教母文,link_new
教主,bold
救救台灣人，反黑箱服貿,bracket
故障,bracket
故鄉,bold
故意裝笨,bracket
故意寫錯,bracket
政黑版,link_new
政黑板新增板主事件,link_new
政黑板,bold
政黑,link_new
政經看民視,bracket
政治黑特板,bold
政治迫害,bracket
政治大學,link_new
政治垃圾,bracket
政大四姬,bracket
放雷,bracket
放開那隻貓，有種就衝著我來,bracket
放開那個女孩,bracket
放閃光,bracket
放過,bracket
放棄吧,bracket
放大絕,bold
放出大絕招,bracket
改文,bracket
支那賤畜,bracket
支持,bracket
擬人化,bracket
撿肥皂,link_new
撿子彈,bracket
撥接魂、飛鴿傳書,title
撥接魂,bold
撞豆腐自殺,bold
撒花板,bold
撒花之亂,bold
摸摸你的XX  這樣oo嗎？,link_new
摸摸你的LP,link_new
摳摳肉不用不用,bracket
摳屄,bracket
摩根費里曼這部又是演黑人,bracket
摩根費里曼很會演黑人,bracket
摩根費里曼在這部片演黑人,bold
摩根費里曼只能演黑人,bracket
摩根在片裡是黑人<-難道他有演過白人,bracket
摩根在片裡是黑人，也是警察,bracket
搶頭香,bold
搶篇文,link_new
搶樓,link_new
搶到兩顆鑽石,bracket
搶po,bracket
搬進宿舍時 該注意什麼？,bracket
搬椅子,bracket
搜尋找出,bracket
揪團,bracket
握手,bracket
換個ID推一樣的話,bracket
插座,bracket
推齊,bold
推爆,bold
推文測試拿 P 幣!!!,bracket
推文朝聖,bold
推文投票統計系統,bold
推文延長間隔,link_new
推文+1，你就是互粉互讚不互噓的好友,bracket
推文,bold
推投,bold
推娃版,link_new
推娃機器人,bracket
推娃板,link_new
推娃,title
推好玩的,bracket
推圖,title
推啊 遊行上街頭，我先發5000份雞排,bracket
推倒她,bracket
推X樓,bracket
推XD,bracket
控制碼,bold
接龍推文,bold
掛號看精神科壓力會不會很大,bracket
排骨酥大,bold
排球,bracket
排山倒海,bracket
掉在廣島的不是原子彈 是大同電鍋,bracket
捷運板（MRT）,link_new
捷運板,link_new
捐血換p幣,link_new
捏他,bold
捅李星,bold
捅了一個大將軍，還有千千萬萬個子弟兵,bracket
挑戰,bracket
拿聖靈寶劍斷開魂結，斷開鎖鏈！斷開一切的牽連！,bracket
拿破崙:滑鐵盧之戰只怪我買了自由而不是聯合報,bracket
拜託不要，我對兔子過敏...囧,bracket
拜託不要，我對XX過敏,link_new
拜託不要，我對xx過敏,link_new
招喚L2M,bracket
拚命秀下限,bracket
拚命,bracket
拖稿,bracket
拔草測風向,bracket
拓也哥,link_new
拎杯,bracket
拍照存證,bracket
拉維奇你這個小壞壞 XD,bracket
拉板凳,bracket
抽角爆死非洲人,bracket
抽牌吧,bold
抹布,link_new
抱緊處理,bold
抬蚵,bracket
抨擊Popovich沒能力、該下台,bold
"抨擊Manu球迷""只會護航""、""不懂球""、""馬迷""",bold
投票系統,link_new
投票,link_new
抓錯字魔人,bracket
抓到了CNN 是綠的柯P請退選,bracket
抓到了！ＸＸＸ是婉君,bracket
抓到了！ＸＸＸ也沒穿褲子,bracket
抓到了！Siri也是鄉民,bracket
抓到了！,bracket
抓到了，錢沒用完，請退選,bracket
抓到了，柯P又失言，請退選,bracket
抓到了,bracket
把肉捧給她吃,bracket
找棵樹上吊自殺吧,bracket
找出美女帥哥照片,bracket
批踢踢實業坊,bold
批踢踢,bracket
批評,bracket
批波酸馬,bold
批判,bracket
打鐵王,bracket
打臉文,bold
打臉、打臉文、臉都腫了,title
打臉,bold
打砲,bracket
打球,title
打掉重練,bold
打工板,link_new
打字王是我們的王,bracket
打嘴炮,bold
打喵王,bold
打喵爵士,bold
打出全壘打,bracket
打T高手。,bold
打T高手,title
才不告訴逆呢,bracket
"才200 難怪會落選""  ",bold
手滑了,link_new
手機版,link_new
手機 app,link_new
手動置底,bracket
手動排毒,bold
扁維拉又救援成功了,bracket
扁維拉上來救援了,bracket
扁維拉,bold
所以什麼是越位？,bracket
戰鬥民族首領,bracket
戰鬥民族的XX,bracket
戰鬥民族,bold
戰類組,bold
戰隊集合,bracket
戰藍綠,bracket
戰職業,link_new
戰略高手,bracket
戰略模擬遊戲板,link_new
戰男女,link_new
戰替代役,bold
戰文青,bold
戰文起手式,bold
戰文組,bold
戰文,bracket
戰意滿點,bracket
戰學校,link_new
戰女文,title
戰女,bracket
戰大學,link_new
戰場,bracket
戰地方,link_new
戰國策,bracket
戰史板,link_new
戰南北,link_new
戰北車,bracket
戰公務員,link_new
戰一下,bracket
戒 PTT,link_new
我難過的是,bracket
我難過,bold
我雞排已經買好了,bracket
我開給他的時候約都還沒續 幹 我那個月帳單來4千多塊 知道我多苦嗎,bracket
我開始相信你了,bold
我都唸ikea、我都唸costco,title
我那隻很會打棒球ㄉ機機跟我說ㄉ，對了，有誰可以寄動畫給我看嗎？F7,bracket
我選完還有別的帳號繼續選,bracket
我道歉是因為向大家表明我願意改過、我希望能夠作得更,bold
我遇到誰誰誰了,bracket
我這個人很簡單，有XX就推,bold
我這人很單純，有XX就推,bold
我跟郭台銘平均資產一千多億，所以我很有錢嗎,bracket
我跟李小龍哪根本就是師兄弟，難道我到處去告訴別人嗎？成龍他們哪整天過來跟我一塊喝茶，我很少應酬他們呀！這就是成龍，你也看到了，難道這些我也要告訴你嗎,bracket
我認為至少到季後再說，畢竟最近時刻比較敏感，馬刺板可能會被放,bold
我認為啊，空手道是世界上最強的武術了，所以精英中心應該只有空手道部，其他都應該廢除,bracket
我覺得安麗是世界上最強的直銷，其他的應該廢除,bracket
我覺得不行,bold
我要幹死ttb,bracket
我要寫個慘字,link_new
我裡面沒穿唷～不准偷看我穿衣服,bracket
我被吳鳳,bracket
我聚賭最多就罰三千,bracket
我老爸不只變成了兔子，還跟你老媽結婚生子，所以才生下你這個獨眼龍的兒子,bracket
我老婆、老婆,bold
我的阿曼尼啊！,bracket
我的觀察啦,bracket
我的褲子怎麼不見了,bracket
我的眼睛業障重,bold
我的盾牌怎麼不見了,bracket
我的槌子不不見了怎麼辦,bracket
我的最愛,bracket
我的書包,bracket
我的嘴角忍不住上揚了,link_new
我的2沒壞,bracket
我沒使用鏡花水月,bracket
我本身我奉公守法 如果今天我不對 我賠不是,bracket
我朋友…,bracket
我有一個程式可以繞過解密程序直接提取檔案，超方便,bracket
我是鄉民我要雞排,bracket
我是跟鄉民進來看熱鬧的，只是往前站了一點,bracket
我是男的,bracket
我是好友、我們互粉互讚不互噓,bracket
我是台灣人,bracket
我是來XXX der,bracket
我是不是走錯板,bracket
我早就發現常溫超導了只差沒發表 結果都沒廠商來談合作，我的發明比他這個小型核反應爐 汙染更低,bracket
我愛黎明！我愛黎明,bracket
我愛黎明,bracket
我愛XXX,bracket
我想跟虎哥一樣,bracket
我快死了,bracket
我很想知道她（蔡英文）的台灣價值是什麼。,bracket
我幫我朋友問…,bracket
我布這個局布了一年之久,bracket
我已將PTT移出我的生活重心,link_new
我就是很想噓所以噓了,bracket
我就是人稱三重劉德華，男人中的極品,bracket
我寫了一個資料庫轉換程式任何語系都可無痛轉換 原PO要嗎?,bracket
我家閃光,bracket
我家的床又大又舒服,bracket
我家的小孩很乖，一定是…帶壞他的,link_new
我家巷口屌打,bold
我宣布XX屆廢文大賽正式開始,bracket
我媽問我為什麼（跪著看電腦）,bracket
我媽問我為什麼,bracket
我媽,bracket
我夢到...就醒了,bold
我夢到…,bracket
我夢到,bracket
我在蘆洲火車站的火字下等你,bracket
我在火字下等你,bold
我在法國看過一幅畫,bracket
我在最近五百副牌裡加進去的,bracket
我在大都等你,bold
我在哪?,bold
我在上海十年的日子,bracket
我因為這些《戰女》文而去下載，是不是算輸了？,bracket
我和巴拿馬總統也有點交情,bracket
我同學…,bracket
我可以,link_new
我叫阿曄，YA,bracket
我只剩下幾天可以活,bracket
我又再跑回去看,bracket
我到底看了三小紀念日,bracket
我判定fuxkyou賄選，即刻喪失參選資格,bracket
我先,bold
我做生意 我坦蕩蕩,bracket
我借了海棠小姐的一根頭髮,bracket
我們繼續關心,title
我們只訓練精英，絕不會接受垃圾,bracket
我們受夠被噓惹!我們想自救被推!,bracket
我們也是受害者,bold
我個人覺得他不做作笑的又自然散發一股特別的氣質,bold
我個人覺得他不做作 笑的又自然 散發一股特別的氣質 、莎拉之亂,title
我個人覺得他不做作 笑的又自然 散發一股特別的氣質,bracket
我個人覺得他不做作 笑的又自然 散發一股分身的氣質,bracket
我個人覺得…,bracket
我佛你,bracket
我佛,bracket
我以前和你一樣也是個冒險家，直到我的膝蓋中了一箭。,bracket
我今天才知道,bracket
我也是今天才知道…,bracket
我也想上車,bracket
我不行,bracket
我不能同意你更多了,link_new
我不希望阿麗跟一個垃圾在一起,bracket
我lag了嗎？,bracket
我220公分，我要幹你，你是我的小隻馬,bracket
成龍表示：.....,bracket
成大狗鼻哥,bold
成名曲,bracket
成吉思汗健身俱樂部進化綜合格鬥中心,bracket
成功大學ip,title
成全你,bold
懷孕事件,bold
懶懶王,bracket
懶叫王 ,bold
懶叫文,bracket
懶叫好吃^Q^,bracket
懶人包,bold
應該來隻綠皮卡,bracket
應該,bracket
應啦幹,bold
懂就懂，看不懂就算了,bracket
慶記外送,bracket
慶記,bold
慟屁喔,bracket
慟三小,bracket
慟！,bold
慘了以後賭神要去當按摩的了,bracket
感謝小雞,bold
感謝大大無私分享、樓主好人一生平安,title
感謝大大無私分享,bold
感謝大大,bracket
感謝yoyo大,bracket
感情生變跟逢場作戲,bracket
感動,bracket
感冒系歌手,bold
愛酸人的鄉民,bracket
愛莉,bracket
愛老虎油,bracket
愛洨會,bold
愛撫妻露點,bracket
愛吃烤香菇嗎,bracket
愚人節玩笑沒人發現Q_Q,bracket
愚人節快樂^^,bracket
意淫文字,bracket
意外死,bracket
意圖使人蹺課,bracket
意圖使人決鬥,bracket
意圖使人推爪爪,bracket
意圖使人推意圖使人XXX,bracket
意圖使人想歪,bracket
意圖使人吃宵夜,bracket
意圖使人不睡覺,bracket
意圖使人不當選,bracket
意圖使人xxx,bold
愉快,bracket
惹毛,bold
想什麼文,bracket
想不想做愛？,bracket
惠惠之亂,bold
惠惠,bold
情花開，開燦爛,bracket
悲！驚！悚！怒！急！恐！,bold
您真內行!,link_new
您是地質系的嗎,bracket
恨意,bracket
恐怖連結,bold
恐同仇女,bracket
恁北…,bracket
怪異,bracket
怪我嚕？,link_new
性向自婊,bold
怡君VS雅婷,bold
怡君,bracket
怕太太,bracket
怕.jpg,link_new
怒砍n分,bracket
怒砍2分,bracket
怒砍,bracket
怒睡一波,bracket
怒看一發,bracket
怒發一篇,bracket
怒推一發,bracket
怒打一發,bracket
怒打一槍,bracket
怒尻一槍,bracket
怒噓一波,bracket
怒噓一樓,bracket
怒吃一O,bracket
怒XnO,bold
怒X,bracket
怎麼連qn也黑了,bracket
怎麼沒有綠皮卡,bracket
怎麼會是雲朵（雷公），再給你一次機會,bracket
怎麼是洋蔥文,bracket
怎麼又是你,bracket
怎麼剛才沒有現在有,bracket
怎樣啦，中華大學又怎樣啦，不爽踹共啦,bracket
快跟,bracket
快樂,bracket
快推，免得別人以為我們看不懂,bold
忠孝,bold
忍者亂太郎板,link_new
必須死,bracket
忄重力,bracket
忄動,bracket
心機肥婆,bold
心愛騎士,bracket
心情小品集,bracket
心得文、你個板？,title
心得文,bold
心ぴょんぴょん待ち？,bracket
微雷,bracket
復辟,bracket
復活了,bracket
復權,link_new
御宅族,bracket
"從開學前幾個月就一直唸書，唸到面試十幾次拿到好幾個offer
一年半來唯一參加過的party是台灣同學會的新生welcome party",bracket
從未互粉互讚過的好友 - GGrunrundela,bold
從我知道馬丁費里曼的歧視言論之後，就不上電影院他參演的戲了，所以這次黑豹passy,bracket
得罪了鄉民還想逃,bracket
得罪了方丈還想走,bracket
得罪了XX還想逃,bold
得啦幹,bold
徐展元板,link_new
後附,bracket
後宮生還傳,bracket
律師函,bracket
很魯,bracket
很難笑,bracket
很閃,bracket
很重要所以說三次,link_new
很重要所以要講三次,title
很累,bracket
很神的人,bracket
很神,bracket
很操,bracket
很愛看電視,bracket
很恐怖,bracket
很好用,bracket
很多人以為我是先看在猜，其實我是未看先猜,bracket
很多人,bracket
很可惜 但也不用擔心XX,link_new
很兇,bold
很不方便,bracket
影響力,bracket
影薄,bracket
影片太好笑了啦,bold
影片,bracket
彰化田中將大,bracket
彩虹小馬,bracket
彩色猴子,link_new
彥伯尋臍,bold
彥伯問臍,bold
彗星炒飯,bracket
彐厶,bracket
彎刀,bracket
彈蛋椅,bold
彈出來了,title
彈出來,bold
強肩犯,link_new
強者我朋友如何如何,bracket
強者我朋友,bold
強者,bracket
強暴了,bold
強暴,bracket
強國常數,bracket
強國,link_new
強中自有強中手，一山還有一山高。何金銀這次戰術運用成功，你應該心服口服才是，現在你打贏了還要趕盡殺絕，太過分了,bracket
張爸文,bracket
張爸,bold
張媽控訴台大長期欺負人,bracket
張媽,bracket
引戰文,link_new
引戰之亂與母豬教進攻女板之亂,bold
引戰,bold
弒父姦母,bracket
建議千萬別這樣做…上次有人這樣…結果…就少一個…很不方便,bold
建景事件,link_new
廣大興28號,bracket
廣告回來後，我們再繼續關心 XX 。,bracket
廢話,bracket
廢死,link_new
廢文局,bold
廢文大賽、西斯廢文夜,title
廢文大賽,bold
廢文,bracket
廢到笑,bold
廠廠,bracket
廖大,bold
康熙來了板,link_new
幻想文、醒醒吧你根本沒有…,title
幻想文,bold
幻影便當團,bracket
幹政治板,bracket
幹拎鄒罵不爽幹了,bracket
幹嘛洗板啊,bracket
幹古哥,link_new
幹你媽的，炸死你全家,bracket
幹你媽的 炸你全家,link_new
幹0糧雞掰,bracket
幹0糧母豬滾喇幹,bracket
幹0糧母豬滾喇ob'_'ov,bracket
幹!我不爭氣的笑了!,link_new
幹！地震！,bracket
幹，拎杯骨科啦,bracket
幹，拎杯骨科（啦）！,bracket
幹 拎杯就是不敢吞自己懶趴拉 怎樣,bracket
幸福城市你敢嘴,bracket
幸福城市,bold
年輕人終究是年輕人,bracket
年輕人畢竟是年輕人,bracket
年俸泥棒,bracket
平安喜樂,bracket
平反,bold
干我屁事,bracket
幫高調,bold
幫騙,bracket
幫補血,bracket
幫蓋,bracket
幫病魔集氣,bold
幫噓,bold
幫優文,bracket
幫QQ,title
常識啊,bracket
常站在與政府對立的立場,bold
帶風向真的沒用了,bracket
帶風向,bracket
帶套,bracket
帳號部,link_new
帳號服務站長,link_new
帳號不得移轉、出借，或與他人共用,bracket
帳號,link_new
師生和議超過16歲到底為啥不能吃？,bracket
帥照,bracket
帥哥美女板,bold
帥呀!老皮!,link_new
帝吧大軍根據地,bold
帝吧,bracket
希洽板(C Chat),title
希洽板,bold
希望這是這事件最後一篇了,bracket
布袋戲版,link_new
布袋戲板,link_new
布丁之亂,bold
布丁三姐弟事件、布丁之亂,title
布丁,bracket
巴西圓仔,bracket
巴西之亂,bracket
巴西,bracket
巴士板（bus）,link_new
巴嘎迥,bold
巴嘎囧、八嘎囧,title
巴嘎囧,bold
巴哈姆特,link_new
已跪,bracket
已被XX刪除,title
已被XXX刪除,bracket
已被hateOnas刪除,bracket
已被blaz刪除,bracket
已經練到快可以碰到了，大家別急,bracket
已經吃飽了,bracket
已經吃了42年鼻屎,bracket
已經到公海了!,bracket
已知用火,bold
已抱緊,bold
已報警,bold
差點,bold
差不多先生傳,bracket
巫術的權勢,bracket
巨人,bracket
左邊是鎧之巨人（即萊納，下圖黃髮），右邊是超大型巨人（即貝爾托特，下圖黑髮）,bracket
左邊是鎧之巨人，右邊是超大型巨人,bold
左邊是超大型廢文，右邊是鎧之廢文,bracket
左邊是超大型巨人，右邊是鎧之巨人,bold
左邊是超大型XX，右邊是鎧之XX,bracket
左邊是XX巨人、右邊是XX巨人,bracket
左邊是XXX、右邊是XXX,bracket
左轉Marginalman板,bracket
左轉jay板,bold
左轉,bold
左膠,bracket
左盃,bold
左手右手,bracket
左岸沉思,bold
左右心口不一推文,bold
工讀生,link_new
工口芒果老師,bracket
工友,bracket
川寶,bracket
崩潰組,bracket
山羊魔咒,bracket
展現出恨意的點,bracket
屏蔽,bracket
屍體,link_new
屁股推,bracket
屁孩,bold
尻槍,link_new
就是很悲劇很悲催很淒慘很讓人心疼的回收....那還是回收阿!!,bracket
就射了、射出來了,link_new
就可板,bold
就像太陽餅裡沒有太陽一樣,bracket
尚書大人還真機靈 風往哪吹 你就往哪倒 真是佩服,bracket
尚書大人,bold
尚市長,link_new
少時不讀書，長大當記者,bold
少女時代板,link_new
少一個，失敗,bracket
小龜,bracket
小魚的紫色花園,link_new
小馬,bracket
小雲蟲,bold
小雪之亂,bracket
小雪,bracket
小雞,bold
小隻馬幹起來很棒,bracket
小隻馬,bold
小隻,bracket
小辣,bracket
小英,bracket
小腿比他大腿還粗,bracket
小美家爆炸,link_new
小綠,bracket
小組,bold
小精靈,title
小祕密,bold
小當家之亂,bold
小當家,bracket
小男生,bracket
小狐,bold
小燈泡,bracket
小熊明年拿冠軍,bracket
小熊今年拿冠軍,bold
小愛,bold
小心駛得萬年船,bracket
小心被吉,bracket
小康妮轉陰蒂,bold
小小魯 快起床賺三百喔,bracket
小孩,bracket
小妹文,bracket
小妹哥,link_new
小妹,bracket
小女子,bracket
小天使,title
小圈圈推文,bold
小商人,bold
小偷,bracket
小倫,bold
小予予,bracket
小wei,bold
導盲犬,bracket
對面的女房客把自己鎖在外面,bracket
對面是跟臺灣不同的另一國，他們國內的事干臺灣屁事,bracket
對網路上的人出櫃,bracket
對立,bracket
對男性惡劣,bracket
對於挑釁之中華人民共和國人民 一律以最嚴格標準管理,bracket
對對對,bracket
對不起,bracket
尊爵、不凡、榮耀、台科大,bracket
尊爵 不凡 榮耀,link_new
專輯,bracket
專業文,link_new
專業打臉文,bracket
專業五樓,bracket
專業,link_new
射後不理,bracket
射出來了,bracket
射了,bracket
寶寶開心,bracket
寶寶文,bold
寶寶心裡苦，但寶寶不說,bracket
寶寶心裡苦 但寶寶應該要說,bracket
寶寶好怕,bracket
寶寶之亂,title
寶寶,bracket
寶劍,bracket
寵物,link_new
寫作紳士，唸作變態,bracket
寫作業,bracket
寫作xx、唸作XX,bracket
審查,bracket
寧沒吃早餐也要買聯合報,bracket
實體化,bracket
實況文,bold
富奸化,bold
富奸、富奸化,title
富奸,bold
富堡王,bracket
密碼,link_new
寄了 回我,title
家族,link_new
家人,bracket
宵夜文,bold
室友,bracket
客家人,bold
定調,bracket
宗教文、體育討論文，學校文，地區文、西斯文、注音文、一行文、求檔文、PO出ID濫用公告,bracket
完蛋了,bracket
完全沒有畫面,bracket
完全沒有XX,bold
安麗,bracket
安西教練圖,link_new
安心亞,link_new
安心XX，XXX不查IP,bracket
安佐及1600之亂,link_new
安久事件,bold
安久,bracket
守護海岸線,bracket
守街亭,bold
宅男,bracket
宅宅相輕,bold
宅宅,bracket
宅你老母,link_new
學長，請容我…,bracket
學歷都是假的，明明就是真理大學畢業,bracket
學校代碼,bold
學校IP（學校代碼）,title
學校 IP,bold
孩子的學習不能等,bold
孩子的學習,bracket
季前反指標預測文,bracket
孔明淚斬馬超,bracket
子彈,bracket
媽我在這,bold
媽我上電視了,bracket
媽媽,bracket
媽奶文,link_new
媽！我在這裡！,bold
媽！我在這裡,bracket
媽！我在這！、媽！我上電視了！,title
媽！我在這,bracket
媽！我上電視了,bold
媽，我在這裡,bracket
媽，我在這！,bracket
婚姻板,link_new
婊子與狗，天長地久,bracket
婉君,bold
娛樂與休閒,bracket
娘子快跟牛魔王出來看神龍,bracket
娘子快跟牛魔王出來看上帝,bold
娘子～塊根牛魔王出來看上帝！ ,bracket
娘子，跟牛魔王出來看上帝,bracket
娘娘,bold
姦情,bracket
姐姐,bracket
姍姍來遲,bracket
始作俑者,bracket
姊寶,bracket
姆斯,bracket
姆咪騎士團參上,bracket
姆咪騎士團,bracket
姆咪教,bracket
姆咪心動動,bracket
姆咪74團參上,bracket
姆咪 媽的智障,bracket
姆咪,bracket
妹控王,bracket
妹妹被欺負惹怎摸辦？,bracket
妹妹文,bold
妹妹廢文,bracket
妳是我奶奶！,bracket
妳.我都曾直接或間接推了一把,bracket
妮妮,bold
妓者不意外,bracket
妓者,link_new
如題,bracket
如果這不叫關說，那什麼才叫關說,bracket
如果球迷看不慣的話，可以不要到球場來看球,bracket
如果王建民明天先發七局無失分 我請前一百推吃曠世奇派 自取,bracket
如果有板友希望換板主或者有人毛遂自薦想要當板主的，基本上,bold
"如果把台大20個學生抓到荒島,50年後…",bracket
如果德國贏了 我就吞十條女性丁字褲 ,bracket
如果妹妹XXX怎麼辦？,bracket
如果同花再加上順子，打不打得過啊,bracket
如果兩個水火不融的人都是好友呢,bracket
如本文標題所示,bracket
如何一句話惹惱ＯＯ,title
如何一句話惹惱,bold
好雷,bracket
好險我已經畢業了,bracket
好讀版,bracket
好讀板,bracket
好色龍,bold
好胸,bracket
好笑,bracket
好的老師帶你上天堂 不好的老師...,link_new
好男人，不做嗎？,link_new
好想X她,bracket
好恐怖,bracket
好噗好,bracket
好可愛,bracket
好友陣線,bold
好友覺醒,bracket
好凶,bold
好兇（脾氣不好、匈奴）,title
好兇，不摸嗎,bracket
好兇,bold
好兄弟,bracket
好人逆襲事件,link_new
好人的逆襲事件,link_new
好人卡撲克牌,link_new
好人卡事件,link_new
好人,link_new
好了！下去領五百塊,bold
好了，下去領五百塊,bracket
好了,bracket
好，還請大家能夠給我機會。,bold
她我不行,bracket
她吳鳳我,bracket
她，我可以,bold
她，我不行,bracket
奶特板,bracket
女駕駛不意外,bracket
女神,bracket
女生說她要的很簡單，到底是要什麼？,bracket
女生擇偶的標準？,bracket
女生應該要欣賞省錢的男人,bracket
女生,bracket
女森,bracket
女板板風,bracket
女板主,bracket
女板（WomenTalk）,title
女板,bold
女性關係混亂的濫交男,bracket
女性性版,link_new
女性,bracket
女孩板,bold
女孩們一定要好好保護自己,bracket
女債主,bracket
女主播戀富少　楊伊湄：有錢人不會選我,bracket
奮起湖沒有湖,bracket
奧運板,link_new
奎頭,bracket
奈米屌,bracket
奈米哥,bold
失言,bold
失敗,bold
央大,bracket
太陽餅裡面沒有太陽,bold
太陽餅裡還不是沒太陽,bracket
太陽餅裡沒太陽,bold
太閃了,bracket
太神啦,bracket
太恐怖了！那我寧可選擇醜女人，不要懶覺女人,bracket
太太我喜歡妳,link_new
太可怕了（恐怖、嚇死人了），先xxx壓壓驚,title
太可怕了，先去吃某某食品壓壓驚,bracket
太可怕了，先xxx壓壓驚,bold
太可怕了,bracket
太不八卦,bracket
天龍國不意外,bracket
天龍國、天龍人,bold
天龍國,bracket
天龍人,bracket
天蓬國,bracket
天花板也沒有洞啊,bracket
天終於可憐我了,bracket
天空爵,bold
天空熊,link_new
天擇,bold
天才小釣手,bracket
天天看聯合報，社會滿分,bracket
天大地大台科大、118、台科文,title
天大地大台科大，爹親娘親逢甲親,bracket
天大地大台科大,bold
天啊！這你敢相信嗎？,bracket
天啊,bracket
天哥好人卡事件,link_new
天哥,bold
天使節,link_new
大魯閣打擊場,bracket
大魔王,bracket
大食客,bracket
大隻,bracket
大陸不意外,bracket
大陸,bracket
大長老救我,link_new
大都卡,bracket
大都,bracket
大規模毀滅性武器,bold
大葉,bold
大航海時代,bracket
大腿推,bracket
大聲,bracket
大笑,bracket
大神,bold
大眾情人,bracket
大烘窯,bracket
大氣科學版,link_new
大氣科學板,link_new
大氣板,link_new
大檢視，新板主季後再上任會比較自在些,bold
大樓,bold
大概是這樣,bracket
大概又要四海遊龍了,bracket
大杯鑽,bracket
大怒灌,bold
大心,bold
大平台,bold
大師兄黎明,bold
大師兄嬌喘一聲倒在何金銀的懷裡，這個時候大師兄眼如媚絲溫潤的雙唇微微張開， 還噴出有如蘭花一般的香氣…,bracket
大將軍的請託,bracket
大將軍,bold
大家都針對我,bracket
大家都看不起她,bracket
大家都有責任,bracket
大安國,bracket
大學生網路乞討事件,link_new
大大、X大,title
大大,bold
大哥大姊,bracket
大同電鍋,bold
大叔,bracket
大勢已去,bracket
大Q,bold
夜賺三百,bracket
夜生活版,link_new
夜生活板,link_new
多重帳號查詢,link_new
多重帳號,link_new
多虧妳向恩,bracket
多次與特定版友爭執，也質疑版主spurs2120的執法標準，多次衝撞制度，試圖打破spurs2120等人所寡頭領導的刺版菁英老大哥主義，尋求標準一致，懲戒特定版友的人身攻擊與嘲諷羞辱版風，最後更進而要求版主改選,bold
多做點功課再來吧,bracket
外送美式民主,link_new
外送民主,title
外省豬,bracket
外省第二代,bracket
外勞殺手,bracket
外來種,bracket
夏季站服,link_new
夏夜,bracket
士口,bracket
壞掉了50收,bold
壞掉了，50收,bracket
壞掉了,bracket
壞了XX收,bracket
壞了50收,bold
壞了，一百收,bracket
壞了,bracket
壓壓驚,bracket
壓力測試,bold
墨鏡,bracket
墨西哥王,bold
墨吸哥,bracket
塊陶阿,bold
塊陶啊,bold
塊陶,bracket
塊根,bracket
報警處理,bold
報數,bracket
報名,bracket
報到,bracket
基金版,link_new
基金板,link_new
基督板亂事,link_new
垃圾再多還是垃圾阿，你有看過trash/garbage加s的逆,bracket
垃圾不分藍綠,bold
垃圾,bracket
地震是因為久旱土質鬆軟，突然下雨所造成,bracket
地震文,bold
地震,bracket
地質系,bracket
地表最強生物,bracket
地理老師常請假,bracket
地理板,link_new
地獄式死亡特訓正式開始,bracket
地方的媽媽需要老二,bold
地方的媽媽需要檢舉,bracket
地方的媽媽需要 zoeforce,bracket
地方的媽媽（們）需要…,bracket
地方的媽媽…,bracket
地圖炮,bold
在電腦前下跪,bracket
在銀幕前下跪,bracket
在線人數,link_new
在樓梯間哭,bracket
在我床上,bold
在座的各位全都是垃圾,bracket
在對方的傷口上灑鹽,bracket
在你背後，他非常火,bold
在你後面，他現在很火,bold
在一起～在一起～ 在一起,bold
在一次,bracket
在一年,bracket
土豪之亂,bold
土城救援王,bracket
團結的故事,link_new
圖王,bold
圖片有聲音,bracket
圖庫王,bold
圖勒,bracket
圓維拉,bracket
圓仔洗白了,bracket
圓仔在ptt、支那賤畜,title
圓仔,bold
國際盜懶叫集團,link_new
國防布,bold
國軍不意外,bracket
國考板,link_new
國立私立比不過兩粒,bracket
國立嘉義大學,bold
國王的標題,title
國王的新衣,bold
國民黨完了，民進黨別笑,bracket
國民黨,link_new
國文老師常請假,bracket
國慶球,link_new
國慶爺,bold
國慶煙火,bracket
國家體育場,link_new
國家認證的邊緣人,bracket
國家研究院,link_new
國光幫板,link_new
困哈星,bracket
因該,bracket
因為陸客不來了....,bracket
因為陸客不來了,bracket
因為西索小時候家裡很窮,title
因為你這個皮帶龜裂.....普利珠啦,bracket
因為你散發出臭味,bracket
因為你太臭了,bracket
因為 Lavchi 上任的時間很短，又有人稱他為「最短的板主」。,bold
因此讓性板看到黃色笑話、在笑話板裡面看到帶恨意的黑色幽默、又會在恨板因為別人的糗事而發笑,bracket
因不小心收服了一隻喇叭芽、還讓它進化成口呆花，又「不小心點到存檔」的選項,bold
回鍋,bracket
回覆,link_new
回文,bold
回收業,link_new
回收,bracket
回娘家,bracket
回不去了,bracket
四郎閉嘴,bracket
四行倉庫,bracket
四海遊龍、吃鍋貼,title
四海遊龍,bold
四插貓,bold
四寶,bracket
四字之亂,bold
四大,bracket
四叉貓,bold
四叉屎,bold
四叉喵喵,bold
四X貓,bold
嚇死我了，先抽根煙壓壓驚吧,bracket
嚇死寶寶了 / 寶寶心裡苦，但寶寶不說,link_new
嚇死寶寶了,bracket
嚇死人了,bracket
嚇人,bracket
噓爆,bracket
噓文救爵士,bracket
噓文救水兵,bracket
噓文救書豪,bracket
噓文救我豪,bracket
噓文救XX板,bracket
噓文救XX,bold
噓文救AHQ,bracket
噓文救 XX,bracket
噓文（噓爆）,title
噓文,bold
噓北車,bracket
噁之亂,bold
嘻嘻,bracket
嘴角不爭氣的上揚,link_new
嘴砲,bold
嘴炮,bold
嘴巴說不要，但身體還挺誠實的,link_new
嘴巴,bracket
嘔嘔嘔嘔嘔,title
嘎偉老師,bold
嘉義板,link_new
嘉義小商人,bold
嘉大,bold
嘉偉老師,title
嗯嗯！跟我想的一樣,bold
嗜插貓、一星貓、八千貓,bold
嗚 我是乳蛇,bracket
嗆我嗆夠沒,bold
嗆我嗆夠了沒,bold
嗆我嗆夠了嗎？,bold
嗆夠了沒,bold
單親家庭板,link_new
單眼相機板,link_new
喝喝逆,bracket
喝喝,bracket
喜歡你溫暖的文字 洋溢著滿滿的幸福：）,bold
喜歡你溫暖的文字 洋溢著滿滿的幸福：),title
喔~~喔喔~~喔喔~~喔喔~爪爪,bold
善甲,bracket
啤酒,bracket
啟動聖人模式,bracket
問題與討論,bracket
問號之亂,link_new
問板,link_new
問卷文,link_new
問卦,bold
啊哈哈哈,bracket
啊～嘶,bold
商女不知亡國恨，一天到晚寫作業,bracket
唸法,bracket
唸大葉 好就業 將來可以成大業,bracket
唯讀,bold
唯我獨尊,bracket
唯一支持中鋼J,bracket
唐鳳說什麼,title
唐鳳,bold
唐伯虎點秋香,link_new
哭哭,bracket
哪部糞作，你直說辣,bracket
哪部,bold
哪來那麼多屁話，長毛？？是你？？？,bracket
哩金變態,link_new
哈棒波特 I 神秘的魔法濕答答,bracket
哈噗好,bracket
哈哈哈哈，你看看你,bracket
哈哈XX哈哈,link_new
哈哈 你以為這樣沒犯罪嗎 你去查刑法吧,link_new
哈哈,bracket
哈利波特,bold
哇靠文,bold
哇靠,bold
哆啦王,bold
哆啦A夢表示…,bracket
哆啦A夢板,link_new
哀配三,bracket
哀佩妹妹,bracket
咩修幹某,bold
呼叫可魯,bracket
呵呵,bracket
味道都飄出來了，快刪掉好嗎,bracket
周慧敏,bracket
告白,bracket
告利蛋,bracket
告他,bracket
呂布,bold
吹風機插頭一直不拔會不會怎樣,bracket
吳鳳接鬼,bold
吳鳳接軌,bracket
吳鳳,bold
吳本身有珠三角 長三角兩大經濟圈，根本不缺錢,bracket
吳敦義表示…,bracket
吳憶樺西門町把妹 當眾喇舌,bracket
吳憶樺吻女 友人：在巴西正常,bracket
吳憶樺（巴西圓仔）在ptt與巴西之亂,title
吳國長三角君,bold
吱吱,bold
否嬸,bold
否姐,bold
吐槽板,link_new
吐槽,bracket
吐嘈板（Tutsau）,title
吐嘈板,bold
名片檔,link_new
名為變態的神父,bracket
名為變態的神木,bracket
名單,bracket
同花打不打得過Full house，那除非你爸變成了兔子,bracket
同秒OP,bracket
同理心,bracket
同樣意見（感受）的人加我一個,bracket
同性戀,bracket
同學,bracket
同事,bracket
同一人噓三次以上每超噓一次水桶一週,bracket
吉米兄弟,bold
吉死他,bracket
吉哥,bold
吉到底,bracket
吉利蛋,bracket
吉他,bracket
吉下去,bracket
合購版,link_new
合購板,link_new
合太醬料,bold
各板萬用,bracket
各位大大,bracket
吃鍋貼,bold
吃滷肉飯，喝10塊麥香系列,bold
吃水餃的癖好,bracket
吃慶記,bracket
吃幾碗,link_new
吃到飽,bracket
吃光光，咔咔,bracket
吃便當,bracket
吃不下去,bracket
吃下去,bracket
右鍵,link_new
史蓋爵士,bold
史蓋,bold
史上第一次,bold
史上最短戒嚴,bracket
史上最悲催回收,bracket
史上最強祭品文,bracket
史上最強手機,bracket
台魯,bracket
台菜二世祖,bold
台肯,bracket
台籃板,link_new
台積電,link_new
台科文,bold
台科大校歌,bracket
台獨剋星,bracket
台灣語言板,link_new
台灣科科大學,bracket
台灣皇民,bracket
台灣最大線上BBS上線啦,bracket
台灣土豪娶東吳正妹　新娘奉茶禮收 4 『磚塊紅包』,bracket
台灣價值不足,bracket
台灣價值,bracket
台灣人依然不能接受師生戀,bracket
台清嘉成,bracket
台成清嘉,bracket
台女不意外,bracket
台女EZ,bracket
台大欺壓張媽15年了,bracket
台大板,link_new
台南板,link_new
台南市長榮女中,bracket
台南市長榮中學,bracket
台南市長怎麼一直換人？,bracket
台南市長就可以亂砍樹嗎？,bracket
台南市長到底是榮中學還是榮女中啊？,bracket
台南市長不是賴清德嗎？，怎麼會是 榮中學,bracket
台南市長 榮中學,bracket
台南市長  榮中學,bold
台北車站,bracket
台北市代燒其他縣市垃圾的議題,bracket
台北女生身材比較好?,bracket
台北地下街為什麼有區總是那麼臭？,bracket
台北國,bracket
台劇板（Taiwandrama）,title
台劇板,bold
台中版,link_new
台中板,link_new
台中李奧納多皮卡丘,bold
台中不意外,bracket
台中,link_new
可魯～救我！！我看不到了,bracket
可魯，快吠他,bracket
可疑的縱火,bracket
可是真的正 人又好 不懂有些人是在酸什麼,bracket
可是瑞凡，我回不去了。,bracket
可是瑞凡 不是 懶趴震,bracket
可是瑞凡,bracket
可愛板（kawaii）、中國科技大學板（cute）,title
可愛板,bold
可愛,bracket
可惡想買,bracket
可惡想要,bracket
可惡想看,bracket
可惡想噓,bracket
可惡…,bracket
可惡，想舔,bracket
可惡，想摸,bracket
可惡，想揉、可惡，想X,title
可惡，想揉,bold
可惡，想拆,bracket
可惡，想吸,bracket
可惡，想X,bold
可惡，想 ,bracket
可惡,bracket
可以這樣閃了又閃、閃了又閃嗎？,bracket
可以幫我收個簡訊嗎,bracket
叮噹王,bold
叭叭叭,bracket
召喚好色龍,link_new
召喚mayaman,bracket
叫你總的出來打(投),link_new
只要是動漫迷都可被酸，不論你是哪種廚都來取暖吧,bracket
只要噓到X1以上就砍文章並水桶七天,bracket
只能跪了,bracket
只能說在12樓,bracket
只有56才能超過56,bracket
只是車欠骨豊,bracket
只是我的夢,bracket
只是可笑的發音,bracket
只投一票,bracket
只不過是一根中藥材,bracket
古龍板,link_new
古人八卦板,link_new
口碑場,bracket
口卡,bracket
口交臉,bracket
口交姨,bracket
口交 猜一成語,bracket
口交  猜一成語,bracket
取消發文獎勵,link_new
取暖,bracket
反象大將軍,bold
反詐騙,title
反觀民進黨,bracket
反觀XXX,bold
反觀,bracket
反義注音標記,bold
反白,link_new
反甲連長,bold
反甲第一猛將,bold
反洗腦課綱,bracket
反波波事件,link_new
反服貿攻佔立法院與ptt,title
反攻大陸,bracket
反指標，不意外,bracket
反指標,bold
反托拉斯法,bold
反串王,bold
反串文,bold
反串失敗，零分,bracket
又黑了,bracket
又肥又宅,bracket
又是你,bracket
又掉下來兩顆,bracket
參戰文,bracket
參上,bracket
去死去死去死,bracket
厲害了，我的X,bold
厲害了，XXX,bracket
厲害,bracket
原始人,bold
原原po,bracket
原來機器人也會回文,bracket
原來是這樣,bracket
原來我的2沒壞,bracket
原來下去領500是真的？,bold
原來SOD都是真的,bold
原來MoNeNe說的是真的,bracket
原po被打臉,bracket
原po臉都腫了,bold
原po真是尚書大人,bracket
原po的臉好白哦,bracket
原po比較正,bracket
原po是正妹、原po比較正,title
原po是正妹,bold
原po數學老師常請假,bracket
原po怎麼長得這麼像熊,bracket
原po怎麼長了三條手臂，好可怕,bracket
原po怎麼一下男生一下女生,bracket
原PO別急，沒關係~她在我床上 我等等幫你告訴她。,bracket
原po你好糟糕,bracket
原po以為國外黑人是白人化妝成黑人的嗎？,bracket
原po中肯,bracket
原PO,link_new
原po,bold
原 PO,bracket
厚問文,bracket
厚問,bold
即時熱門看板,link_new
印象,bracket
印尼行不行,bracket
印尼王,bold
印和闐,title
印何闐、印何闐,bracket
卡特蘭大,bold
卡漫綜合小組長分身亂板事件,title
卡漫夢工廠,link_new
卡提諾狂新聞,bold
卡好大,bold
卡好,bold
卡大,bold
卡卡的,bracket
卡卡獸,bracket
南部不意外,bracket
南部,bracket
南港板,link_new
南台灣,link_new
協尋文,link_new
半斤批霜,link_new
千萬不要去google兩女一杯,bracket
千杯千杯再千杯,title
千杯,bracket
千人盤子大會，,bold
十里坡劍神,bold
十萬青年十萬肝，GG輪班救台灣,link_new
十萬青年十萬肝 GG 輪班救台灣,bracket
十年,bracket
十二樓,bracket
匿稱,link_new
匿名,link_new
北連中胡,bold
北車,bold
北越狐事件,link_new
北越狐,bold
北越妖狐,bold
北越,bracket
北投車站,bracket
北台灣地區的台北高中都是有問題的一貫道教徒,bracket
北京車站,bracket
北七,bracket
北丁中盧高國瑜,bracket
匈奴人,bold
匈奴,bold
包莖文,bold
包莖：一場思辨之旅,bracket
包子讚讚讚,bracket
勿急 勿慌 勿戰  正常能量釋放,bracket
勿忘督割,bold
勿忘ya哥了,bracket
勸世寶貝喵喵在PTT,title
勸世寶貝喵喵,bold
勸世圖,bold
勸世,bracket
勞工板,link_new
勝文？是你？,bracket
勝文,bracket
勝利,bracket
動物是無辜的,bracket
動漫迷的地獄,bracket
動漫帝國,bracket
勇者！,bracket
勇者,bracket
劣退,bold
劣文退回,bold
劣文,bold
劣化,bracket
加進去的不是洨,bracket
加油，好嗎？,link_new
加分文,bracket
加了洋蔥,bracket
劉甜甜,bracket
劉德華,bold
劇透,bracket
剿滅肅清垃圾戰女/仙劍/發錢/廢推,bracket
創意果實大賽,bracket
創世神,bracket
剛剛好,bracket
前板主hateOnas仍有申訴繫屬於BoardCourt板，若日後前板主勝訴，判定恢復板主權限，則五位板主先讓於前板主回任，日後有板主出缺優先詢問是否願意回任,bracket
前幾樓少在那邊帶風向,bracket
剁老二,bracket
刻意為之,bracket
刺迷RJefferson,bold
到此一遊,bracket
到底要秀下限到什麼程度？,bracket
到天上去了,bracket
到南部弄假牙,title
别讓XX不開心,title
刪除文章,bracket
刪文,bold
利大於弊,bracket
別讓勝文不開心,bold
別讓佩琪不開心,bracket
別讓XX不開心,bold
別富奸啊,bracket
別再說踹共了,bracket
別再相信沒有根據的說法,link_new
別再發月經文了,bracket
初音,bracket
初手天元,bold
切割,bold
分類帽,bracket
分類,title
分隔線,bold
分身帳號,link_new
分身公主,bracket
分身ID,link_new
分身,bracket
分派,bracket
分手擂台,bold
刃犬,bracket
刃太,bracket
出神入化,bracket
出生時候被抱錯,bracket
出家人的智慧,bracket
出名,bracket
出去現在,link_new
出來面對,bold
出來講,bracket
出來吧，卡卡獸,bracket
凶宅,bracket
凱文之亂,bold
凱文（kevin）之亂,title
冷靜,bold
冷門看板,link_new
冷吱吱,bracket
冤冤相報何時了，往事知多少,bracket
冠軍,bracket
冒險蓋,bracket
冒牌貨,bracket
再推爆一次,bracket
再戰十年,bold
再啦幹,bold
再去買東西壓壓驚,bracket
再一年,bracket
其實根本沒臺灣這個東西，她不是省，自廢了，她不是縣，更不是國，只是個鬼島,bracket
其實全PTT只有我一個人，不信我換個ID推一樣的話給你看,bracket
共用帳號禁止條例,link_new
六大門派圍攻蘇美,bracket
公關站長,link_new
公道價八萬一,bracket
公道價81000收,bracket
公車板,link_new
公車時刻板（BusTimes）,link_new
公路板（Road）,link_new
公路三大殺手,bracket
公豬,bracket
公然侮辱,bracket
公海到了沒？,bold
公海到了沒,bracket
公海到了嗎？,bold
公海,bracket
公民覺醒,bracket
公民新聞,bracket
公告文,link_new
公告,bracket
公共自行車板（PublicBike）,link_new
公共利益,bracket
公主病,link_new
公主V.S.教主,bracket
公主,bracket
八方雲集,bracket
八希板,bold
八家將,bracket
八字真言,bracket
八嘎迥,bold
八嘎囧,bold
八嘎,bracket
八卦鄉民,bracket
八卦版有特定色彩，只要是不利柯文哲的文章，版主就會刪文或封鎖發文帳號。蔡正元說，PTT有政治色彩就明說，不要假中立。,bracket
八卦版人氣-1,title
八卦版不意外,bracket
八卦清流,bracket
八卦歌詞網,bracket
八卦檢舉板,link_new
八卦板言論自由,bracket
八卦板板主選舉,link_new
八卦板帥哥之夜,bold
八卦板友名單,title
八卦板人氣-1,bold
八卦板主鬧劈腿事件,link_new
八卦板上站次數發推文限制修改投票、500之亂,title
八卦板上站次數發推文限制修改投票,bold
八卦板,bold
八卦女神,bracket
八卦十大謎團,link_new
八卦（版）人氣…,bracket
八千貓事件(見爭議事件),bold
八千貓事件,bold
兩女一杯,bracket
全站廣播,link_new
全天上站人次,link_new
全世界最禿的垃圾,bracket
全PTT帳號都是我分身 不信我等等開分身上來說一樣的話,bold
全PTT只有我一個 其他都分身 不信我換帳號我同一句給你看,bracket
內線就交給趙建銘！,link_new
內有恐怖連結,bracket
內地,bracket
入選,bracket
兜甲兒與他的快樂夥伴,bracket
兔子廚,bracket
兒童色情,bold
兒時記趣,bracket
免錢的最貴,link_new
免費讀,bold
免疫,bracket
免洗ID,link_new
光纖新世代,bracket
光榮板,link_new
先進入聖人模式,bracket
先補血,bracket
先拆座墊,bracket
先承認你朋友就是你吧,bracket
先承認你就是本人吧,bracket
先承認你就是你朋友、先承認你同學就是你,title
先承認你就是你朋友,bold
先承認你就是XXX,bracket
先承認你同學就是你,bracket
先承認,bracket
先別說這個了，你聽過安麗嗎？,bracket
先別管那個簡訊了，我有一個人生的志向，是我的事業，你聽過安麗嗎？,bracket
先別管這個了，你聽過安麗嗎？,bracket
先別管簡訊了，你聽過安麗嗎,bracket
先不管小便了，你覺得我的那傢伙怎麼樣？,bracket
先上車後補票,bracket
兄弟,bracket
兄台/姑娘 您好，我是小生，偶爾客串回文，點綴你的人生,bracket
元智大學,link_new
元年,bracket
儲存版,link_new
儲存,link_new
優文(優文數、優文制度),bold
優文,title
億載金城武,bold
傻花板,bold
傳麻繩,bracket
傳說中的十里坡劍神,bracket
傳說中的406出現了,bracket
備份文章、你只是想要備份吧！,title
備份文章,bold
傑夫，你看到了嗎？,bracket
傅立葉,bold
偽證,bracket
偽神父,bracket
偽物,bracket
偽死魚魚,bracket
偽娘,bold
偽ID,bold
偷跑,bracket
偷渡,bracket
偷（偷拍、盜圖）,bracket
偶像大師板,bold
健身板,link_new
停權,link_new
做了蠢事,bracket
偏見,bracket
偏激,bracket
偏不噓,bold
偉大的瓦倫達家族,bracket
偉大板主,bold
偉哉愛撫妻,bracket
假神父,bracket
假的 我的眼睛業障重,title
假的,bold
假文青,bracket
假妹,bracket
假假,bracket
倫家4女森欸! ,bold
借轉錄可愛板,bracket
借轉jay板,bold
借轉gay板,bracket
倒戈,bracket
個人認為引戰，等其他板主意見,bracket
個人EP,bold
俺の嫁,bold
修文,link_new
修悍啦,link_new
信長包圍網,bracket
信耶穌治皮膚病,bracket
信耶穌得鑽石remix,bracket
信耶穌得鑽石,bracket
信義國,bracket
信箱,link_new
信口開河,bracket
保齡球板,link_new
保證做愛的網站,bracket
保甲總隊,bracket
保甲總局,bracket
保甲,bracket
保安！可以讓人這樣X了又X X了又X嗎？,title
保安！可以讓人這樣X了又X X了又X,bold
保安！保安！可以讓人家這樣打了又打、打了又打、打了又打、打了又打的嗎！？這怎麼打啊！,bracket
保安！保安！,link_new
保安，保安,link_new
保安,bracket
保佑XXXX,bracket
俊朗朗朗朗朗……,bracket
俊朗朗朗朗朗…,bracket
俊朗朗朗,bracket
俊朗,bold
俊吉,bracket
係咪公海？,bracket
便當店老問不賣便當給菲勞，發文者幫他買便當,bracket
便當局,link_new
便當,bracket
依法行政，謝謝指教,bracket
例外,bracket
來測試一下吧，2沒壞,bracket
來大都找我吧、我在大都等你,title
來大都找我吧,bold
來大都找我,bracket
來（去）看XXX秀下限,bracket
使用者名單,link_new
佳作,bracket
你釣的到qn我請台中鄉民吃雞排,bracket
你那邊還來得及，不要投票給馬英九。,bracket
你那邊還來得及,bold
你還是21小時之後再來吧,bold
你還在用撥接嗎？,bracket
你這輩子就這樣了,bold
你這個局布了20年之久,bracket
你逆,bracket
你誰阿  亂公告,bracket
你誰啊，亂爆卦,bracket
你誰啊，亂公告。,title
你誰啊，亂么吉,bracket
你誰啊 亂公告,bold
你誰啊,bracket
你誰呀 亂公告,bracket
你被四叉貓看上了,bracket
你萬一打輸了你的身材那麼好有沒有考慮過去拍三級片？我要拍也只會拍功夫片！,bracket
你腿了,bracket
你能怎麼樣，打我啊，笨蛋,bracket
你聽過安麗嗎？,bold
你聽過Ang Lee嗎,bracket
你突破盲腸了,bracket
你知道你媽在這裡PO廢文嗎?,bracket
你的孤單，誰來承擔？,bracket
你的406咧？,bold
你當這裡是八仙樂園？,bracket
你申裝ADSL了沒,bracket
你爸媽平均有一顆睪丸,bracket
你為何要放棄治療？,bold
你李嚴系？,bracket
你有受過**的專業訓練嗎！,link_new
你有freestyle嗎？,bracket
你有freestyle嗎,bold
你最期待現役女優有機會拍無碼的,bracket
你是認真的嗎？,bracket
你是第xx個發現這件事的,title
你是第XXX個知道這件事的,bold
你是第XXX個看到這篇文章的,bracket
你是用電腦練蠱喔,bracket
你是有多愛藍染啊,bracket
你是我的豬肉片,bold
你是我的網羅3.0,bracket
你是來秀簽名檔的吧,bracket
你是不把我奔雷手文泰來放在眼裡囉！,bracket
你文組的喔,bold
你捐多少,title
你才黨員，你們全家都是黨員,bracket
你才文化人，你全家都是文化人,bracket
你才XXX，你全家都XXX,title
你才sorry，你全家都sorry！,bracket
你我都推了一把,bold
你我都受害,bracket
你想篡位嗎？,bracket
你從什麼時候開始產生了我沒使用鏡花水月的錯覺？,bracket
你從什麼時候開始產生了我沒使用鏡花水月的錯覺,bracket
你得到他了,link_new
你很愛藍染喔！,bracket
你富奸了,bracket
你媽要是知道你現在這樣，一定非常傷心,bracket
你媽知道你在這裡發廢文嗎？ ,bracket
你媽知道你在這裡發廢文嗎？,bold
你媽知道你在這裡發廢文嗎?,bracket
你媽知道你在這裡po廢文嗎？,bold
你好糟糕，請暫時不要跟我說話,bold
你地質系？,bracket
你在大聲什麼啦、平偉相關梗,title
你在大聲什麼啦,bold
你嗆屁啊,bracket
你哪位,bracket
你咧大聲啥啦,bracket
你名義老爸在你後面，他非常火,bracket
你名義老爸,bracket
你可千萬別說你不是垃圾啊,bracket
你只是想要備份吧,bold
你先承認你是xxx吧,bracket
你們快逃，我來擋,bracket
你個版？,bracket
你他媽的我到底看了三小,title
你什麼時有了XXXX的錯覺,bracket
你什麼時候產生了網王是運動漫畫的錯覺,bracket
你什麼時候產生了死神好看過的錯覺,bracket
你什麼時候產生了XX的錯覺,title
你什麼時候產生了XXXX的錯覺,bold
你什麼時候產生了…,bracket
你什麼時候有了你有資格發藍染文的錯覺,bracket
你什麼時候有了XXX有良心的錯覺,bracket
你什麼時候有了XXXX的錯覺等,bold
你什麼時候…,bracket
你不用講啦 你有什麼不滿都沒關係 你去法院講 我都奉陪到底,bracket
你不是藍染王,bracket
你不乖就是把你灌進消波塊喔,bracket
你XX系？,bold
你po這篇文章一定會被噓爆的,bracket
你lag了,bracket
你...鄭先生都有看到,link_new
作業請自己寫,bold
作業自己寫、作業文,title
作業自己寫,bold
作業自己做,bold
作業文,bold
佛心公司,bold
佛心來的嘛,link_new
佛你老木,bracket
何棄療,bold
何時可以宰,bracket
何不食肉糜？,bracket
低調碼,bold
低調推,bracket
低調噓,bracket
低調、低調推、低調噓,title
低調,bold
低能卡,bold
低學歷,bracket
位元堂、養陰丸，好似太陽般溫暖…太陽出來了,bracket
但spurs2120動輒以鎖文、刪文、浸水桶等版主權限，袒護某兩三位特定版友。,bold
伸相片,bracket
伸圖,bracket
休閒聊天區,link_new
休息,bracket
以毒攻毒,bracket
以學術性質為目的，提供各專業學生實習的平台,bracket
以奶換桶,bold
以下開放賭神台詞,bracket
以下開放決鬥,bracket
以下開放台詞推文,bracket
以上如果您完全都沒有遇到，那看來真的很棘手，還是先加我 line 然後我過去幫你處理好了,bracket
令良,bracket
令刀,bracket
代幣沒換好,bracket
代幣換很多,bracket
代工,bracket
仙樂園,bracket
仙劍體,bracket
仙劍版,link_new
仙劍板,link_new
仙劍哥,bold
他稱,bracket
他的媽媽希望 go to 臺科大,bracket
他有30cm,bracket
他是北越的,bracket
他是全中國最有名的魔術師，小平叔贏橋牌，還得靠他。,bracket
他敢明天動 我就甲扮聖誕老人跑台灣大道一趟,bracket
他好像永遠對著你笑，笑得你心裡發寒,bracket
他國事務,bold
今日灌票，明日灌腸,bracket
今日yoh,bracket
今天的阿福令人舒服,bracket
今天的我 沒有極限,link_new
今天的XXX令人舒服,link_new
今天是趙敏要張無忌到大都救六大派的20周年,bracket
今天我生日ㄛ!,link_new
今天又是平靜的一天,bracket
今天又是不用不用的一天 = =,bracket
今天又是不用不用（或ぴょんぴょん）的一天 = =,bracket
今天不可能封王拉 今天封王我喝機油100mL,bracket
仇女板,bracket
仇女,link_new
什麼是越位？,bracket
什麼是越位,bold
什麼是天元？,bracket
什麼叫初音是個軟體而已.....想決鬥嗎？,title
什麼叫初音是個軟體而已.....想決鬥嗎,bold
什麼,bracket
人類喝機油會怎麼樣嗎？,bracket
人蔘,bracket
人肉搜索,bold
人肉,bracket
人緣不好,bracket
人生,bracket
人渣文本,bracket
人氣,bracket
人正真好、人帥真好、一定不正、一定不帥,bold
人正真好,bracket
人帥真好,bracket
人家都上太空了，我們還在殺豬公！,link_new
人家森77,bracket
人家是男森ㄝ,bold
人家是女生也 ,bold
人家是女生也,title
人家是女森ㄝ!,bold
人人買中鋼,bracket
人人有功練,bracket
人中呂布,bold
人+4,bold
亮亮女神,bracket
亮亮,bold
京都念慈庵,bracket
亦伸文,bracket
交通類板,title
交談,link_new
交大資工次世代,link_new
亞美跌,bracket
亞美蝶,bold
亞洲統神霸氣登場,bracket
亞洲統神,bold
亞洲人,bracket
井然有序,bracket
五毛黨,bracket
五毛,link_new
五樓跟xxx在一起,bracket
五樓請給分,bracket
五樓請回答,bracket
五樓被肛肛,bracket
五樓被一樓XX,bracket
五樓自肥,bracket
五樓自宮,bracket
五樓自婊,bracket
五樓肛肛好,bracket
五樓的大大,bracket
五樓我們下禮拜再見,bracket
五樓專業,bracket
五樓姆咪 全家都姆咪,bracket
五樓吃屎,bracket
五樓你說呢？,bracket
五樓你好糟糕,bracket
五樓中肯,bracket
五樓30mm,bracket
五樓,bold
五月天能否成為披頭四,bracket
五月天早生30年有辦法超越披頭四的八卦,bracket
云木,bracket
二胸身,bracket
二次元妹控,bracket
二七事件,link_new
事情已無法挽回,bracket
事後諸葛,bracket
事後想想不對,bracket
了不起。負責,bracket
了不起，負責,bold
亂碼文,bold
亂碼,title
亂源,bold
亂板,link_new
亂問,bracket
乳頭推,bracket
乳蛇,bracket
乞丐,bracket
九品芝麻官,link_new
乙太公zsh,title
乙太公,link_new
么告,bracket
么吉,bracket
乃哥,bracket
主角與雜魚,bracket
主要在FB,bold
主耶穌的寶血塗抹潔淨!!聖靈的活水沖洗乾淨,bracket
主人，這閃光彈連我都瞎了,bracket
丹丹之亂,bold
中鋼丁,bold
中鋼j,bold
中華電信,bracket
中華隊贏球,bracket
中華民國與越南斷交,bold
中華民國將與越南斷交,bold
中華民國啦幹,bold
中華一番周末 LIVE 閒聊文,bracket
中興大學板,link_new
中肯（台肯、華肯）,title
中肯,bold
中立理性選民,bold
中立,bracket
中洨,bold
中水球,bold
中校條款,bracket
中校,bold
中指蕭事件,link_new
中師竹野內豐,bracket
中客,bracket
中央,bracket
中大,bold
中壢李姓選民,bold
中國科技大學板,bracket
中國猶太人,bold
中國是他國,bracket
中國或成最大贏家,bracket
中國「帝吧」與PTT,title
中國,bracket
中原板,link_new
中南王,bracket
中共派軍機轟炸總統府,bracket
中二用語,bracket
丟水球,bold
丞相…,bracket
丞相，起風了！,bold
丞相，起風了,bracket
世足板,link_new
世界上最遠的距離     不是南極到北極 ，而是從武當到大都的距離,bracket
不雅字眼或不雅暱稱稱呼球員,bracket
不該失火的地方,bracket
不解釋,bracket
不要起爭議啦,bracket
不要讓勝文不開心,bracket
不要讓XX不開心,bold
不要誤會，我不是針對你啊，我是說在座的各位都是垃圾,bracket
不要秀下限好嗎？,bracket
不要白費力氣了,bracket
不要富奸化啊,bracket
不要問！很恐怖！,bold
不要問！很可怕！,bold
不要問,bracket
不要再造謠了,link_new
不要以為道歉時露出胸部就沒事了,bracket
不要不要的,link_new
不行！通通拿去做雞精！,link_new
不行,bracket
不自殺聲明,link_new
不能同意你更多了,link_new
不能只有我看到,bracket
不管有甚麼危機 做老爸的一定會想辦法幫你撐著的阿,bracket
不管她嗑了什麼，都給我來一份,bold
不管你們信不信，反正我是信了,title
不管他嗑了什麼都給我來一點,title
不知所云,bracket
不當選,bracket
不當更動帳號數值管理辦法,link_new
不用不用,bracket
不爽不要看,bracket
不爽不要用,bracket
不爽不要玩,bracket
不爽不要做,bracket
不爽不要X,title
不爽不要__,bold
不會,bracket
不是馬良失街亭嗎？,bracket
不是仇女是仇母豬,bracket
不是118還敢討論臺科大,bracket
"不斷表示要版友刺迷""認清事實""，直言馬刺不行了，教練爛、Manu/RJ爛",bold
不懂粉絲幹嘛搞撕裂,bracket
不意外,bracket
不想跟你計較,bracket
不想解釋,bracket
不応期,bracket
不忍噓,bracket
不屑解釋,bracket
不對啊，今年不是五倍嗎？,bracket
不容質疑你的XX,bold
不客氣了,bracket
不好笑笑話,bracket
不好的事,bracket
不喜歡,bracket
不可質疑你的神,bracket
不可質疑你的五六,bracket
不可質疑你的XX,bold
不可試探你的神,bracket
不可能羈押成功拉 今天羈押成功 我吃十個隨身碟,bracket
不可理解、笨,bracket
不可強迫別人接受祝福,bracket
不受歡迎人物,link_new
不傷害男性的女性,bracket
不做作,bracket
下體,bracket
下載,bracket
下跪,bracket
下巴推,bracket
下巴保密協定,bracket
下去領500,bracket
下去領300塊,bold
上酒,bracket
上車,bracket
上等人,bracket
上站次數,bold
上站人數,link_new
上海王,bracket
上帝,bracket
上印記,bracket
上午停班停課,bracket
三金板（Golden-Award）,title
三金板,bold
三重劉德華,bold
三角洲,bracket
三立板（Set）,title
三立板,bold
三杯,bold
三朝★身寸☆惹ㄦ obov,bracket
三寶飯,bracket
三寶不意外,bracket
三寶,bracket
三國板,link_new
三國時代吳和蜀為何難有聯合軍事行動?,bracket
三哥文,bracket
三哥之亂,bold
三哥,bracket
三位一體,bold
七種傳說的廚具之一,bracket
七之亂,bold
丁工乙乙,bracket
丁丁是個人才,link_new
一顆星,bracket
一豬各表,bracket
一行文,bold
一群人玩神奇寶貝,bracket
一秒,bold
一發即被攻訐，甚至連本名、系所、工作都被肉搜翻出,bold
一流的吐槽家、二流的美食家、三流的小說家跟不入流的史學家,bracket
一樓測風向,bracket
一樓你完了,bracket
一條苦瓜,bracket
一朗與他的快樂夥伴,bracket
一日球迷,link_new
一定不正,bracket
一定不帥,bracket
一句之亂,link_new
一切盡在不言中,bracket
一切合法、合理,bracket
一分鐘戰神,bold
一分蘇,bracket
一分瑩,bracket
一個變了心的女人什麼都幹得出來,bracket
一個便當不夠你不會吃第二個嗎？,bracket
一個xx不夠你不會X第二個嗎？,title
一個xx不夠你不會X第二個嗎,bracket
一個689各自表述,bracket
一人一百救主機,bracket
一九八二年，打贏了日本重砲手雷龍！接著連續三年打敗日本所有空手道高手，贏得全日本自由搏擊冠軍，中國古拳法！被譽為空手道的剋星！綽號魔鬼筋肉人！,bracket
ㄏㄏ、頗ㄏ、根本ㄏㄏ（頗呵、根本呵呵、頗喝）,title
ㄏㄏ、頗ㄏ、根本ㄏㄏ 、根本頗ㄏ，或作頗呵、根本呵呵、頗喝,bold
ㄏㄏ,bracket
ㄎㄎㄎㄎㄎㄎㄎㄎㄎ,bracket
ㄈ仔,bold
ㄈㄓ,bracket
ㄈㄈ尺正夯,bracket
ㄈㄈ尺,bold
ㄈQ,bracket
やめて,bracket
めしょうがんも,bracket
マ‧クベ,bracket
ネタバレ,bracket
デブでオタク,bracket
Κ先生專欄,bracket
ZZZZZZZZZ9（Z9大神、神龍）,title
ZZZZZZZZZ9,bold
zuyi,link_new
Zues,link_new
Zrola,link_new
zoeforce,link_new
ZenUp (陳穎),title
ZenUp,bold
Zeel,link_new
zaqqaz,link_new
z9怎麼一夕之間就黑掉了,bracket
Z9大神,bold
z9之亂,bracket
z5,bracket
Z＞B,title
ＹＹ跟街亭誰難守,bracket
YUreo,title
yunjin,link_new
yumi之亂,link_new
yuilingo,bold
YU0121,link_new
yoyo大師,bold
Yoyodiy,title
yoyodiy,bold
yoyo,bold
Yorkyoung(約克羊),title
yorkyoung (約克羊),bold
YOOOOOOOOOO！！,bold
ｙｏ，這位Ｂｒｏｔｈｅｒ,bracket
ya哥事件,bold
ya哥？是你？,bracket
Ya之亂、校園裡單純的愛情?! 事件,title
ya之亂,bold
Yayakaka,title
yayakaka,bold
yamiyugi,bold
YA,link_new
ya,bracket
X樓請洽jay板,bracket
X樓救援成功,bold
X樓救了這篇文章,bracket
X樓尚書大人,bracket
X樓好笑,bracket
X樓和X樓救援成功,bracket
X樓GJ,bracket
X媽媽婚友社,bracket
X大,bold
X啦幹,bracket
X你娘！永邦的原創曲是抄襲鳥の詩！,link_new
X了又X,bracket
xx重工,bracket
XX臭了嗎？,title
XX站出來,link_new
XX的霸主,bracket
XX炸裂,bracket
XX海沒加蓋,title
XX是不是過譽了,bracket
XX是不是過氣了,bracket
XX文,bracket
XX打球,bold
XX才是本體,title
XX我老婆,bold
XX我可以,bold
XX必須死,bold
ＸＸ守得住街亭嗎？,bracket
XX女神在五樓床上,bracket
XX國發現大規模毀滅性武器,bracket
XX國有大規模毀滅性武器,bracket
XX元年,bold
XX之光,link_new
XX中的霸主…還是XX,bold
XX不意外,title
xxx連撞豆腐自殺的勇氣的沒有,bracket
XXX表示,bold
XXX與他的快樂夥伴（們）,title
XXX與他的快樂夥伴,bold
XXX與他快樂的夥伴,bracket
XXX的日常、,bold
XXX的形狀,title
XXX炸裂,bracket
XXX正妹 第XX彈,bracket
xxx是魯蛇的行為,bracket
XXX是在秀下限嗎？,bracket
XXX是什麼咖啊，OOO就跩上天了,bold
XXX我愛你,bracket
XXX必須死,bracket
XXX就在你後面 他現在很火,bracket
XXX在秀下限,bracket
XXX在想什麼,bracket
XXX在你後面，他非常火,bold
XXX出軌,bracket
XXX你好糟糕,bracket
XXX不意外,bold
xxx不如自盡吧,bracket
xxxx是標準魯蛇的想法,bracket
XXXXX，你我都推了一把,bracket
XXXXSHIT,bold
XXXXGAY（四叉貓、四X貓）,title
XXXXGAY,bold
XXXX69,link_new
xxxx5566,bracket
xxxx 該注意什麼？,bracket
XXX+1,bracket
XXX.......是不是?,bracket
XXX 的形狀,bold
XXX 當選,bracket
XXX,bracket
xxx,bracket
XX？是你？,bold
XX，是你？,bracket
XX，XX，傻傻分不清楚,link_new
Xrays,bold
XP再戰十年,bracket
Xin（高嘉瑜）,title
xin,bold
Xiaomiao（苗博雅）,title
xiaomiao,bold
XDDDDDD,bracket
XDDDDD…,bracket
XDDD,bracket
XD,bold
XBOX,link_new
xbeyond,link_new
Xavy,link_new
X5,bracket
X=俊， D=朗,bracket
wwwwwwwww,bold
Wwwwwwww,title
Wuyiulin,title
wuke,link_new
Wtaa（窩塔）,title
Wtaa,bold
wow版,link_new
WOW板,link_new
Wow板,link_new
wow板,link_new
words2012,bold
Womentalk板,link_new
womentalk板,link_new
Womentalk 板主洩密事件,bold
Womantalk 板主性騷疑雲,title
windgodvocx1,link_new
wilzer,link_new
willyt,link_new
whitegun,link_new
What the fuck am I reading,bracket
wens,link_new
wen750711,link_new
weichipedia,link_new
wego,link_new
warcraft版,link_new
warcraft板,link_new
wanted板,link_new
Wanted,link_new
wanted,link_new
VVVV5555（耀揚哥）,title
VVVV5555,bold
vvvccc1d,link_new
VVizZ,title
Virtues,link_new
VIP帳號,bold
violation版,link_new
Violation板 (違規檢舉中心),title
VeryLike5566,link_new
verylike5566,link_new
vanhalen,link_new
valender,link_new
uu26793,link_new
unya,bracket
underwear板,link_new
umbilicus,bracket
Ultratimes,title
uland26922,link_new
UCCU,bold
tzunghan,link_new
Typeking（打字王）,title
typeking,bold
twod758,link_new
twod,link_new
TuTsau,bold
tusbaki,bold
Turtao,link_new
tuanuu,link_new
ttb我要幹死你 T_T,bracket
ttb我要（想）幹（X）死你,bracket
ttb 我想幹死你,bracket
Ttb,title
ttb,bold
Tsungmou1 (忠孝),title
tsungmou1,bold
TSFM,link_new
Trust18,link_new
Transfinite,link_new
trangender板,link_new
Trance,bracket
TPCMAX（左岸沉思）,title
TPCMAX,bold
ToS板,link_new
Tos板,link_new
tos板,link_new
TOS,link_new
tos,link_new
tonytsou912,bold
Tomchen60229,title
tomchen60229,bold
tigotigo,link_new
Tiger1201,title
they,bracket
theRock 都講完了，我跟 theRock 想法差不多,bracket
TheRock,link_new
theRock,link_new
TheNewiPad,bracket
The Story of Robin Hood and His Merrie Men,bracket
temu,link_new
TempChat板 (臨時心情抒發板),title
TempChat板,bold
Telnet,link_new
teemocogs,link_new
tech_job板,link_new
TCHCJackal,link_new
Tcbus（社后、吳國長三角君）,title
tcbus,bold
tattoo_ring板,link_new
Talk板,link_new
talk板,link_new
talk520,link_new
talk,link_new
Takeda5566,bold
take dollar,bracket
TaiwanIsDog,link_new
TaiwanDrama,bold
taipeixcity,bracket
tacabro - tacata,bracket
T683,bold
t2d,link_new
SYSOP板 (站長板),link_new
sysop板,link_new
SYSOP,link_new
surimodo,link_new
superlubu,link_new
Sumade（蘇美戰神）,title
sumade,bold
Suckcomic板（漫吐板、漫畫吐槽板）,title
suckcomic板,bold
StitchClara,link_new
Stevenjeff 傑夫,title
steve1121,link_new
starcraft板,link_new
staff23,link_new
St900278,title
st900278,bold
ssgg5566,link_new
SSD重組,title
SSD 固態硬碟,bold
"spurs2120開始將文章只放在友人所經營的FB""",bold
spurs2120與眾多寫手或評論圈積極親近，保有好交情，有龐大的優質寫手,bold
Spurs2120及刺版紛爭,title
Spurs2120,title
Spitfire,link_new
Sorry,bracket
sorry,bracket
Sohandsomeim,title
sohandsomeim,bold
Soft_Job板,link_new
SNSD,link_new
SnowAmy,link_new
smartlai,link_new
sluttysavage,bold
slow,link_new
sleeeve,link_new
SkyMirage（天哥）,title
SkyMirage,link_new
skyjizz,bold
Skyjazz,title
skyjazz,bold
skybear,link_new
Sizumaru（藏書界竹野內豐）,title
Sizumaru,bold
Sieg G 嗡,bracket
shrimpliu,link_new
shoda,link_new
SHISUKO,link_new
SEX版,link_new
Sex板,link_new
sex板,link_new
sexy5566,link_new
SexKinsey（西斯板匿名帳號）,title
SexKinsey,bold
sexbox,link_new
sex,link_new
Setzer,title
setzer,bold
SetsunaLeo,bold
serraliu,bold
Septhsu（徐展元）,title
septhsu,bold
Sent from my android,title
Sent from JPTT on文,bracket
Sent from JPTT on my,bracket
Sent from JPTT on,bracket
Sent from JPTT,bracket
SENIORHIGH,link_new
segawar,link_new
seebox,link_new
Seanlien（連勝文）,title
seanlien,bold
seal online板,link_new
seabox 刪三小 seabox 刪三小 seabox 下台,bracket
Seabox,bold
SD-GundamOL板,link_new
Saxon,link_new
sallykoi,link_new
Safelove,title
s89227,bold
s75287,link_new
RS5566,bold
Rrn,link_new
root (系統總監),link_new
Ronnywang （榮尼王）,title
ronnywang,bold
RIPE_gender板,link_new
Ricas,link_new
Rhodenbarr,bold
rest in peace,bold
RESIT,link_new
repeat,link_new
Remorse,title
remorse,bold
rehtra,link_new
Realtw,title
realtw,bold
RE:[討論] 女孩們敢去印度旅行嗎？,bold
Re: 原文章標題,bracket
Re: [討論] 剛剛搖好大,bold
Re: [童年] 童年的遊戲--仙劍奇俠傳,bracket
Rambo,bold
raindog,bold
RaferAlston,link_new
raepopo,link_new
R13北車,bracket
R.I.P.,bold
R: 原標題,bracket
QUIBECK,link_new
queenhashin,bold
QSWEET,link_new
Qscxz（奈米哥）,title
qscxz,bold
QQMMWA,title
QQ,bold
Qn,title
qn,bold
QBian,link_new
Qbian,link_new
qazieru                                    148 票  62.18%   35.75%,bold
qazieru,link_new
Q_ary板,link_new
P幣,title
Python,bold
PuzzleDragon板,link_new
puwu520,link_new
PushDoll板,link_new
pushdoll板,link_new
Pushdoll,link_new
pushdoll,link_new
push doll版,link_new
push,bracket
PUMA,bold
PU,bracket
ptt電台,link_new
ptt量販店,link_new
Ptt鄉民認同卡,title
ptt鄉民認同卡,bold
Ptt鄉民的性別比例,title
PTT鄉民的世界觀,title
PTT鄉民有約,bracket
Ptt鄉民晚報,bold
PTT鄉民日曆,title
Ptt鄉民公布李宗瑞淫照事件,bold
PTT運動員綽號列表,title
PTT藝人綽號列表,title
Ptt與賭神,title
Ptt與訴訟（網路訟棍事件）,title
PTT與《破壞之王》,title
ptt網頁版,bold
ptt系統權限異常事件,bold
Ptt第一屆先生選拔,bracket
Ptt站名（由來及意義等）,title
PTT的成立,title
PTT的各類文章,title
ptt活動板,link_new
PTT歷史大事表,title
ptt是反指標,bracket
PTT政治人物綽號列表,title
Ptt掛了（ptt故障、關閉）,title
ptt掛了,bold
Ptt慈善水桶王大賽,link_new
PTT廢文王,bold
PTT官階,bold
PTT女神,bold
ptt名人集,link_new
ptt史上第一個賄選被抓的人,bracket
ptt十大情人,link_new
ptt前站長入侵資料事件,link_new
PTT修好了,bracket
PTT企業綽號列表,title
PTT五霸,title
PTT二十周年慶,bold
PTT乳神,bold
PTT之神,bracket
Ptt三大神器,title
pttradio版,link_new
PTTradio事件,link_new
PttRadio,link_new
Pttonline.cc,title
PTTOnline,bold
PttNewHand板,link_new
ptthistory版,link_new
ptthistory,link_new
pttfamous板,link_new
PttFamous,link_new
PttEarnMoney板,link_new
pttCard版,link_new
PttAntiBot板,link_new
PTT20週年,link_new
PTT（杜奕瑾）,title
ptt.m8.ntu.edu.tw,bracket
ptt 是什麼,bracket
ptt 三神器,bold
ptt 三大神器,bold
Ptt web版、ptt網頁版,title
ptt web版,bold
PTT Spurs,bold
ptt famous版,link_new
ptt card,bold
PTT 404-Not Found,bracket
PTT,link_new
Ptt,bold
prozac,link_new
Professional　Techonolgy　Temple,bracket
Price,link_new
PPTplayer,title
pppmmm,link_new
PPbaby,link_new
pp1877,link_new
po文章得鑽石,bracket
PO文,bold
po廢文,bracket
powerseven,link_new
powerdog,link_new
posted from android bbs reader on my Nokia 3310,bracket
porn,bracket
poloyabi,bracket
Plumage（阿信）,title
plumage,bold
PlayStation,link_new
PlayBoss（王仁甫）,title
PlayBoss,bold
play one,bracket
plant,link_new
pitz,link_new
PinkQ,link_new
pilot7,bold
PH值很低,bold
PHChat,link_new
peter1,link_new
Perl板,link_new
penlyly,link_new
PCMan,bold
PCman,title
PCH800618,link_new
Patiencel,title
pasaword,link_new
Panda Tu,bracket
Palmar_Drama板,link_new
p1好了嗎？,bracket
Ｏ好Ｏ滿,link_new
oz5566曾以mykey8585的帳號於下方,bold
Oz5566,title
oz5566,bold
OverWatch,link_new
overpass,link_new
overkill0802,link_new
over post,bracket
Ott,title
ott,bold
orz,link_new
oricaa、cosmoschoen及gorgeous216,bold
oRANGEst,link_new
opengoodbook,link_new
OP,bold
ＯＯ事件,bold
OOO是 XX中的霸主…還是xx,bracket
OOO就跩上天了,bracket
okikuma,link_new
okcool,link_new
okccol,link_new
Oilboy,link_new
OHLALALALA,link_new
oh no,bracket
OdieX,link_new
ocean5566,link_new
obov條款,bracket
Obov（身寸☆惹ㄦ）,title
obov,bold
O2板,link_new
Nothisman（藍染王）,title
nothisman,bold
nothismam,bracket
noonee,bracket
Nokia 3310,bold
niceo,link_new
new iPad,bracket
Nevar,link_new
Neptunium,link_new
NCKUkober（成大狗鼻哥）,title
NCKUkober,bold
nccudogqueen,link_new
NBA版,link_new
NBA板,link_new
nba板,link_new
NBAeasychat,link_new
NBAdog（鐵手套、藏獒）,title
NBAdog,bold
NBA_film板,link_new
NBA,link_new
Mtvabc,title
mtvabc,bold
msun,link_new
MrRoto,link_new
Mrp(小生),title
mrp,bold
movie版,link_new
movie板,link_new
mousepad,link_new
Mother,title
mother,bold
Morrischen2（六百萬）,title
morrischen2,bold
MoPTT會屏蔽JPTT的簽名檔,bracket
MoPTT屏蔽JPTT簽名檔事件與Mo之亂,title
MoPTT屏蔽JPTT事件與Mo之亂,bold
MOPTT奇怪狀況,bracket
MoPTT,bold
Moptt,title
moonoftree,link_new
MoNeNe,bold
moboo,link_new
mo ptt,link_new
Mo,bracket
mmmmO,link_new
MLB板,link_new
MISSEGG,link_new
mini158事件,link_new
Mini158,title
mini158,bold
mini,bold
mim,link_new
millia62219,bold
Militarylife,link_new
MiharuHubby,title
Microscft,link_new
MicroGG（骨科大）,title
MicroGG,bold
Microgg,link_new
michael1993,bracket
Mews (海鳥),title
MEWS,bold
Merry Men,bracket
meowmeowgo,link_new
mentalk的出氣包,bold
mentalk版,link_new
Mentalk板,link_new
mentalk板,link_new
MenTalk,link_new
mentalk,link_new
medstudent板,link_new
MC美江,bracket
MC敏鎬,bold
mayjan,link_new
MayDayLove,link_new
Mayaman（馬雅人）,title
mayaman,bold
May show gun more?,bracket
Max大大,bold
Maxmaster（Max大大）,title
maxmaster,bold
Mature: 你沒有被刪文我吞陳為廷的襪子兩雙,bracket
mature,bracket
mathteacher,link_new
masage,link_new
maryndevi,link_new
Marvel板 (媽佛板、飄板),title
Marvel板,bold
marvel,link_new
marubou,bold
Marriage板,link_new
marriage,link_new
markban,link_new
mariandtmac,link_new
Marginalman板 (邊緣人板),title
MarginalMan,link_new
Makotoyen,link_new
Makiyo打人事件,link_new
makiyo事件,link_new
Makinoyui,title
Magnoliaceae,link_new
madguy,link_new
MAC板,link_new
M 起來,title
LYSanity,bracket
luluhihi,link_new
LUKAKA,link_new
Lukaka,link_new
LUB（理由伯）,title
LUB,bold
ltnsltns,link_new
Lovesooman（亮亮）,title
Lovesooman,bold
loverlover,link_new
LoveLive_Sip,link_new
Louisman（鹿男）,title
louisman,bold
loser,bracket
Lorenzia（金魚）,title
Lorenzia,bold
longbow2,link_new
lol版,link_new
LOL板,link_new
LoL板,bold
LOL,link_new
loh,link_new
log,bracket
local moms need cock,bracket
LLsolo,link_new
lladro,link_new
ll35566,link_new
Live文、實況文,title
live文,bold
live,bracket
Liska,bold
LINE,link_new
Linceass,title
Liliumeow,title
liliumeow,bold
lightmyfire,link_new
lifespan,bold
lidance,link_new
Liaooo（廖大）,title
Liaooo,bold
liaolive,link_new
LGBT_SEX,link_new
lesbian板,link_new
Leesmart （大綠）,title
leesmart ,bold
Leeng,link_new
LeeDaaFoo,link_new
Lebron James,bracket
Latinamerica板,link_new
Laiwah,link_new
lag很大,bracket
Lag了，腿了,title
lag了,bold
LABOYS,link_new
la new熊版,link_new
L2M（raindog、雨狗）,title
L2M,bold
L_TalkandCha,link_new
K島,bold
K少,bold
k大,bold
kuso 板,link_new
kuso,link_new
Kurtc（k大）,title
kurtc,bold
kuopohung,link_new
KuoChingKou,bold
kuanfang,link_new
KTR5566,link_new
KOTD,link_new
Korking52013（大將軍）,title
korking52013,bold
kopune,link_new
Komica,bold
koei板,link_new
Kobe開口承認拿81分的那場比賽開始前閱讀了聯合報,bracket
Kobe kobed the woman kobely. He is the kobest kober.,bracket
Kobe,bracket
kobe,bracket
KMT黨證,bracket
KMT板,link_new
KLM never do that,link_new
kklovej,link_new
KKC,bold
kissinwang,link_new
kinple,link_new
KingKingCold,bold
KingdomHuang版,link_new
Kimgordon,bold
không,bracket
KG,link_new
Kfclikeshit（肯德雞像屎大大）,title
kfclikeshit,bold
kenmy,link_new
Kay731（K少）,title
Kay731,bold
kasparov,link_new
Kasion,link_new
kasion,link_new
Kamiyu,bold
K7森77,bracket
K 島,bold
jzs,link_new
junjikilin,bold
Junchoon,link_new
JS抄襲事件,link_new
JPTT,bold
Jptt,title
joke等版,link_new
joke清流,bracket
Joke板 (就可板、笑話板),title
Joke板,bold
joke已死,bracket
joke之神,bracket
jojobigoldtw,link_new
Johnny Cueto,bold
John Cena,link_new
joh,link_new
jky823,bold
JJLi,link_new
Jjjjjs（中鋼j）,title
jjjjjs,bold
jizz,bracket
jimmyduh,link_new
jfsu,link_new
jessypei,bracket
jerry7668,link_new
Jeremy_Lin板,link_new
Jay板,link_new
JasonBourne,link_new
japanavgirl版,link_new
Japan_travel,link_new
Jaies,bold
Jackymars5（台積哥）,title
jacky66666,link_new
Jacklyl,bold
Jack0,link_new
jack0,link_new
izme,link_new
iXXXXGAY5566,link_new
Ivers,link_new
IP正確,bracket
Ipobar（王浩宇）,title
ipobar,bold
iPhone板,link_new
iphone板,link_new
IPhone8ss,link_new
iphone8ss,link_new
iPadProPlus,link_new
IPad3（艾佩珊、Lavchi）,title
iPad3 第四屆八卦板主任期 2014/07/19 ~ 2014/10/31 ,bold
iPad3 第六屆八卦板主任期 2014/11/01~ 2014/12/31 ,bold
iPad3 第八屆八卦板主任期 2015/07/01 ~ 2015/09/14 ,bold
iPad3,bracket
IP、故鄉、查你IP,title
IP 位址,bold
IP,bold
ip,link_new
ioupoiu,bold
IOUIOUIOU,link_new
iorifox,bold
inwa,link_new
Intel,title
INNNNNNNNNNN,link_new
in2,link_new
IM@S,bracket
Ilyj2012 (麒麟才子),title
ILoveElsa,title
ilove05,bold
ID錯誤,bracket
ID正確,bracket
IdolMaster（偶像大師板）,title
IdolMaster,bold
ID_Multi,link_new
ID_Finance,link_new
ID,link_new
IC卡板（IC-Card）,link_new
icancancans,link_new
IbakaBlock,link_new
IanLi,link_new
Iamaidiot,link_new
I don't care,link_new
HZYSoft,link_new
Hy654,bold
hub,bracket
hsuans,link_new
HornyDragon（好色龍）,title
HornyDragon,bold
hong888,link_new
home-sale板,link_new
holeyshit,link_new
ho5866252,link_new
hint: ↘,bracket
hill0708,link_new
Hiimlive（偽娘）,title
hiimlive,bold
hicker,link_new
Hero9999（林世勇導演）,title
hero9999,bold
HEBE,link_new
haudai,link_new
hate點,bold
Hate板 (黑特板、恨板),title
Hate板,bold
hate文,bold
HatePolitics板 (政黑板),title
HatePolitics,bold
HateOnas（檢舉王）,title
hateOnas,bold
Hate,link_new
hao123,bold
hail obov,bracket
hacoolman,link_new
ha ha point,link_new
G軟,bold
gy5566gy,link_new
guohuo,link_new
Gungu（幹古專用帳號）,title
gun5566,link_new
Guis,link_new
guest,link_new
GTOKevin,bold
Griffinj9,title
griffinj9,bold
greengreen42,link_new
GreenBeret（綠扁帽大）,title
GreenBeret,bold
gp/bp,bold
GossipPicket,link_new
Gossiping板 (八卦板),title
Gossiping,link_new
Google翻譯超越41J　每日處理1千億字,bracket
google8494,bold
goodstars板,link_new
goodman1985開始被貼上反串、刺黑、反Duncan的標籤，開始被特定版友攻擊,bold
goodman1985憤而離開Spurs版,bold
GoodElephant,link_new
Good Game,bold
golf jane,bracket
GirlsFront板,link_new
Giddens（九把刀、刃太）,title
Giddens,bold
GGrunrunder,link_new
GGrunrundela,bold
ggininder,bold
GGININ、GGININder,title
gginin,bold
GG 輪班星人,bracket
GG runrun der,bracket
GG,bold
gg,bracket
GeminiMan,link_new
gelni,link_new
gay版,link_new
gay板,link_new
GayBar,link_new
gaybar,link_new
GauYi（高義）,title
GauYi,bold
Gasol自盡,bracket
Gasol 你自盡吧！,bracket
galyuu,link_new
GalLe5566,link_new
Gaiaesque,bold
G6m3kimo （神父、神木）,title
g6m3kimo,bold
Fuxkyou（ㄈ仔、賄選王）,title
fuxkyou,bold
fuunshing,link_new
fucxyou,link_new
Freeunixer,title
freeunixer,bold
Freeread,title
freeread,bold
FrankWW,link_new
FoxTz（小狐、北越狐、北越妖狐）,title
FoxTz,bold
forsakesheep,link_new
Formatted,title
formatted,bold
flowerbean,link_new
Fleeaaa,title
fleeaaa,bold
fjumonkey,link_new
FirstShadow,title
Firsthand（海產王）,title
firsthand,bold
filwmiranda,link_new
Ffwind,title
Ffaarr,title
ffaarr,bold
FcuKobe,link_new
FB假推薦真廣告,bracket
FB使用者,bold
FB,bold
fatlip,bold
fatbon,link_new
farro,bold
fare,link_new
Fant1408,link_new
fanfantu2014,link_new
famousword板,link_new
FallRed,link_new
Fallred,link_new
FairyBomb,bold
Facebook的ptt相關粉絲團,title
Faberge,link_new
F7（站花、美豔人妻愛撫妻）,title
F7,bold
F5,bracket
F4,bracket
eyhanne,link_new
Explosion！,bold
eve2,link_new
Eternityring（台菜二世祖）,title
eternityring,bold
ESunBoy,link_new
END,bold
Emoji在ptt,title
Emma之亂,bold
EmailYang版,link_new
emailyang板,link_new
Email5566（楊伊湄、sluttysavage、queenhashin）,title
email5566,bold
Electronics電子電機板,link_new
Earl,link_new
e04,link_new
e-shopping版,link_new
e-shoping板,link_new
dyhsu,link_new
dudeboy,link_new
DSLR板,link_new
drawing板,link_new
DragonNest板,link_new
Dosandonts(中姊姊),title
dosandonts,bold
doohdlihc,link_new
Dontco,link_new
dontco,link_new
Done,title
donate-blood板,link_new
"Don't Watch an anime called ""Boku",bracket
Disp BBS,bold
disp bbs,link_new
disFabulous,link_new
Dieinvisible（小wei）,title
dieinvisible,bold
Diefishfish（死魚魚）,title
diefishfish,bold
dicfishfish,bracket
diablo板,link_new
Der,title
der,bold
DenTisGirl                                  90 票  37.82%   21.74%,bold
DenTisGirl,link_new
Debugger,link_new
DDRMIX,link_new
DCT2,link_new
DC_sale,link_new
danny81322,bracket
DaDa之亂,bold
Da,bracket
C洽,link_new
cutesakai,link_new
cuteee,link_new
cute,bracket
Cueto在棒球板,title
Cueto,bracket
ctrl+u,bracket
Ctrl + w,bracket
CSSE板,link_new
Csir,link_new
csir,link_new
CSInvestigat,link_new
Cross-post,bold
credict,bracket
cpblgu (中職菇),bold
Cpblgu,title
CP (Cross-Post、跨板多貼),title
CP,bold
Cosel,link_new
cool down,bracket
Connie Talbot,bold
comsboy,link_new
complains,link_new
colorbest,link_new
Clywin123,title
clubT,link_new
Cloudlaba,title
cloudlaba,bold
ckshchen,link_new
Cigxm,bold
ChinLan（張景嵐）,title
ChinLan,bold
Chenglap,title
Chendao,title
chen2323,link_new
ChangPa,bracket
chairmanmao,link_new
cfwhite,link_new
CD中，樓下幫補,bracket
CD中,bracket
CD-Pro2,title
CD,bold
CCR之亂,link_new
CCRomance板，或簡稱CCR板，又稱真愛無國界板,bold
CCRomance板 (CCR板、ㄈㄈ尺板、真愛無國界板),title
ccrnogood,link_new
Cckcc（印尼王）,title
cckcc,bold
ccfg,link_new
Caterlanse（卡特蘭大）,title
caterlanse,bold
catch板,link_new
CATCHIEF,link_new
cat91847,link_new
cAshoNly,link_new
CarlPavano,link_new
Carhow（卡好）,title
Carhow,bold
CareerPlan板,link_new
Cal6732,title
C-Chat板,link_new
c-chat,link_new
C_chat版,link_new
C BOO板 (西部板、西布板),title
B大,bracket
Bus,bold
bullock,link_new
Boyo,title
Boy-Girl,link_new
BOSATA,link_new
Board-Police板,link_new
bluwoo,link_new
blueskydoor,bold
bluesky0226,bold
bluefish,link_new
blueeyes0622,bold
Bluce,link_new
blizzard2002,bold
Blaz,title
blaz,bold
BJ4（不解釋）,title
BJ4,bold
bj4,link_new
birthday板,link_new
Birthday5566,bracket
Billchen0905（比爾陳）,title
billchen0905,bold
Bill7437（十里坡劍神）,title
biker板,link_new
BigSanchung板,link_new
BigSanchung,link_new
Bignana,bold
bignana,link_new
BigCat,link_new
bigbighead,bold
Belleaya,title
belleaya,bold
beemay,link_new
Beef,link_new
beef,link_new
Beauty板 (表特板),title
Beauty板,link_new
BBS鄉民的正義前導概念片,bold
BBS鄉民的正義,title
BBS鄉民小劇場,link_new
BBS動畫,bold
BBSmovie版,link_new
bbsmovie板,link_new
BBSmovie（BBS動畫）,title
BBSMOVIE,link_new
BBSmovie,bold
bbsadm,link_new
bbs.m8.ntu.edu.tw,bracket
bbs movie,link_new
BBS,link_new
bbbruce,link_new
battlegirlhs板,link_new
baseball,link_new
balaja,link_new
Badjye911(阿三）,title
badjye911,link_new
babymother板,link_new
b8q,bold
A大,bracket
A圖王,bold
AV女優版,link_new
AV女優板(japanavgirls),bold
Aviation板 (航空板),title
Aviation,bold
Audreytang（唐鳳）,title
Audreytang,bold
ask板,link_new
AskWhat,link_new
askboard板,link_new
Asiagodtone（亞洲統神、桶神）,title
asiagodtone,bold
Armour（阿磨）,title
Armour,bold
arbit,link_new
APPLEin5566,link_new
apologize,bracket
Apak,link_new
aokman,link_new
Anzar,link_new
ANSI圖,title
ansiProject,link_new
Anns,link_new
Announce版,link_new
Angraecum,link_new
anglegirl13,link_new
Angel07,title
angel07,bold
andy810625(ㄎ_ㄖ),link_new
android版,link_new
Android板,link_new
AmyLord,link_new
amoses,bold
AmigaOS,bold
Amginevar板@PTT2 (PTT2八卦希洽板),title
Amginevar,bold
Amgine,link_new
Amd,title
Alt+f4,title
alt,bracket
alog,link_new
allyours,bracket
AllTogether板，,bold
alltogether,link_new
ALLPOST板,link_new
Allen524,link_new
Aliconcon（阿里空空）,title
aliconcon,bold
AlexCabrera,link_new
Alan4ni,title
AI,bracket
ADSL,bold
addlov,link_new
adam323,link_new
Acold,link_new
Ac4r,title
ac4r,bold
AC_IN板,link_new
AC_In板,bold
AC In板(裏洽板),title
abian5566,link_new
abian,link_new
abcdeffg,link_new
aalluubbaa,link_new
AAATP (洪浩雲醫生),title
AAATP (我老婆超級棒！),bold
AA 之亂,bold
AA 一次，記恨一世,bracket
AA,bracket
a6234709,bold
A27788987 (洨當家),title
a27788987,bold
a234john168,link_new
A1Yoshi,link_new
A 夢王,bold
9n,bold
94狂（就是狂）,bracket
94狂,bracket
9487,bracket
921的時候 大同電鍋頂住了某戶壓下來的樑柱 救了4條命,bracket
9.2%,bold
9.2,bold
8A版,link_new
87桶神,bold
87分，不能再高了,bold
87%相似,bold
85%台灣人有房,bracket
8000貓,bold
80,bracket
8+9=17,bracket
8+9+17=34,bracket
8+9,bold
8.7分,bold
7起來！,bracket
78+9=87,bracket
74團,bold
7.77,title
689、609,title
689 表示,bracket
689 的選擇對吧 609 一起承擔,bracket
689 的選擇,bracket
689 會不會後悔,bracket
689 之一,bracket
689 2.0,bracket
689,bold
683T,bracket
609,bold
5X,bracket
59秒影片,bracket
56變中肯了,bracket
56家族（56不能亡、5566得第一）,title
56家族,bold
56不能亡,bracket
5566版,link_new
5566板,link_new
5566得第一,bracket
50之亂,bold
500之亂,bold
500,bracket
4X貓選妃之夜,bracket
4XGAY,bold
4ni,bracket
499之亂,link_new
484,bold
45度角的天空,bracket
42689.2,bold
41J是一個軟體,bracket
41J嚴選,bracket
41J出品,bracket
41J、記者正確,title
41J,bold
416事件,link_new
4,title
3F用的是我寫的程式,bracket
39鬼王,bold
360安全衛士,bold
36＋45＝79 似乎不是唯一解,link_new
35人,bold
30cm,bracket
307是公車中的霸主,bracket
3048,bold
2沒壞,bold
2壞了,bracket
2q,bracket
286,bold
26用語,bracket
26、426,bold
259的選擇,bracket
24祖,bold
24個吉哥,bracket
228牽手吃香蕉 322補刀救台灣,bracket
2017年5月八卦板主補選,link_new
2017年10月八卦板主選舉,bold
2016 MAMA,bracket
2015年愚人節,title
2014年西斯雞排宴（西斯感謝祭）,title
2014年西斯雞排宴,bold
2014年八卦板聚,bold
2014年2月第4屆八卦板板主選舉,bold
2013批踢踢冬季站服,bold
2013年底西斯板請吃雞排事件,title
2013年底西斯板請吃雞排,bold
2013年代表「成語」與2014年代表「字」票選,bold
2012年9月八卦板選舉,link_new
2012年9月八卦板主選舉,title
2007年ptt系統權限異常事件,title
1萬的單有龍蝦、石斑、大草蝦、鮑魚佛跳牆等海鮮料理，而等價飯店的單有什麼？光把一份炸湯圓當作菜來上，就不知道被我們甩到哪裡去了，要戰菜色飯店敢嗎,bracket
1壞了,link_new
1985行動聯盟,bracket
1954,bold
1883氏,bracket
17歲發明小型的反應爐，3年內量產上市?,bracket
133,bold
132,bold
130,bold
12樓,bracket
127,bold
126,bold
11/20 自動販賣機爆走,bracket
1/60,bracket
036,bracket
$$$$$$$$$$$$,bold
〒△〒,link_new
★★支那人是全世界最低等.最低能.最骯髒的種族★★,bracket
◢▆▅▄▃ 崩╰(〒皿〒)╯潰 ▃▄▅▆◣,title
╰(⊙-⊙)╮佛心公司╭(⊙-⊙)╯佛心公司,link_new
＝有情有義＝,bracket
=====有情有義分隔線=====,bracket
＜3,title
+1,bold
+<><,bracket
↖★煞氣a小煞☆↘,title
→ netalosi:板上一片護航聲，難道不會讓有志難伸的寫手萌生去意嗎?,bold
→ netalosi:有消息說2120接了NBAGM板後要走,bold
^Q^,bracket
%%%,bold
#越想越不對勁,bracket
\洨當家/\洨當家/\洨當家/,bracket
\懶叫/\懶叫/,bracket
【馬皇降臨】台大PTT站方全面禁止點播馬英九下台系列歌曲【和諧】 ,bracket
「祭品」,bold
「沒那個屁股就不要吃那個瀉藥!! 不懂日文就不要去玩神奇寶貝!!!!!」,bold
「妳這個小壞壞～妳這不是見到我了嗎」,bold
「妳這個小壞壞～妳可以圍住兩分鐘，真不簡單」,bold
「只要依序收服 A-Z 不同的未知圖騰，就可以啟動密技、提高神奇寶貝等級最大上限到 200 等」,bold
「你跟仙劍的,bold
「今天或許會有人說『 不懂日文也能玩 PAD 呀，你沒玩過神奇寶貝嗎 ?』」,bold
「一整季只用清水洗澡或擦澡,bold
《戰女》文,bold
《BBS鄉民的正義》,bold
[閒聊] 完全黑掉的ID有什麼用途？,bold
"[請益] 有被""kelvin5678""騷擾過的板友們",bracket
[請益] 幾歲再進傳產適合,bracket
[討論]板主你還在等什麼？,bold
[討論] 男友睡旁邊卻不嘟,bracket
[討論] 東森 年代 壹電視 三立 名嘴竟然口徑一致,bracket
[討論] 暗黑界的張景嵐,bracket
[耍冷] 他走了,bracket
[神人] 妹子,bracket
[猜謎] PO廢文被張景嵐噓 猜一成語?,bracket
[爆卦] 第一次面對訟棍就上手,bracket
[爆卦] 疑似有人介入做票！！！,bracket
[爆卦] 有沒有劈腿還義正嚴詞的八卦？,bold
[爆卦] 我有些話想說,bracket
[爆卦] 今天是賭神高進妻兒逝世20週年,bracket
[爆卦],bracket
[無言] 下一句是什麼?,bracket
[灑花] 看到obov引退超開心 來發P,bracket
[正妹] 2013台北國際車展-超級名模!!,bracket
[歐麻吉]整人電話 黑人哥搶女友,bracket
[新聞] 苗博雅談母豬教：厭女文化反映了背後焦慮,bracket
[新聞] 婚禮能接受辦桌嗎？　網：低俗悶熱又不衛生,bracket
[新聞] 圓仔體重逼8公斤 小爪子力氣大,bracket
[新聞] 圓仔銳利小爪子 保育員怕怕,bracket
[心情]女孩們一定要好好保護自己(文長),bold
[心情] ,bold
[心得] 還是印尼好,bracket
[心得] 用素肚打手槍,bracket
[心得] 戰鬥服心得﹝上﹞,bracket
[彩券],bracket
[外絮] AZU TPA mistake godjj代打,bracket
[問題]不小心懷孕了,bracket
[問片]摩根費里漫演的一部片,bracket
[問卦]有沒有味噲湯裡的魚吃起來都臭臭的八卦,bracket
[問卦]太正晶又嚴肅的女生 如何讓她產生興趣,bracket
[問卦]到底哪個才是雞腿排?,bracket
[問卦]d,bracket
[問卦] 靜香沒有女生朋友？,bracket
[問卦] 陸戰蛙人一班能打贏50黑道嗎？,bracket
[問卦] 誰才是桃園三哥？,bracket
[問卦] 苗博雅算不算母豬?,bracket
[問卦] 美國真的充滿歧視嗎,bracket
[問卦] 為什麼媒體一面倒挺苗博雅？,bracket
[問卦] 武陵高中的八卦？,bracket
[問卦] 有肺紋的八卦嗎?,bracket
[問卦] 有沒有靠釣魚告人賺錢的八卦,bracket
[問卦] 有沒有集滿七顆的八卦?,bracket
[問卦] 有沒有辜莞允私底下為人的八卦?,bracket
[問卦] 有沒有藍染的八卦,bracket
[問卦] 有沒有梅、蘭、竹、菊的八卦,bracket
[問卦] 有沒有大同電鍋的八卦?,bracket
[問卦] 有沒有同性戀依然不被接受的八卦?,bracket
[問卦] 有沒有八卦版最正的鄉民是誰,bracket
[問卦] 有沒有八卦版最帥的鄉民是誰,bracket
[問卦] 有沒有伯、仲、叔、季的八卦?,bracket
[問卦] 有晚上台中什麼東西好吃的八卦嗎?,bracket
[問卦] 如何匡正晶日天下之亂,bracket
[問卦] 哪些PTT名人沒參戰（求願文）,bracket
[問卦] 咨、爾、多、士，為、民、前、鋒的八卦,bracket
[問卦] 台女嫁到日本好像都不幸福,bracket
[問卦] yoyodiy有辦法繞過街亭嗎,bracket
[問卦] yoyodiy有辦法繞過發壓歲錢嗎?,bracket
[問卦] Linda,bracket
[問卦] Laoda,bracket
[問卦] kinda,bracket
[問卦] IP不是140開頭的是哪些學店?,bracket
[哇靠],bracket
[分享]校園裡單純的愛情－告白戡亂時期,bracket
[分享] 校園裡單純的愛情?!,bracket
[公告] 懇請大家停止鬧板,bold
[公告] XXX 樂透開獎,bracket
[公告] XXX 樂透取消,bracket
[公告] XXX 板 開始舉辦樂透!,bracket
[備註],bold
[ＸＤ] 警察辛苦了！,bracket
[ＸＤ] bing真的有病,bracket
[kuso] 神隱少女,bracket
[ＦＢ]盧勁軒,bracket
（香港）已經是共產黨的形狀了,bracket
（逃）,link_new
(筆記ing）,bold
(筆記)、(筆記ing）,title
(筆記),bold
（拔草）測風向,title
(づ′・ω・）づ,bold
(σ′▽‵)′▽‵)σ 哈哈哈哈～你看看你,bold
”吃金針菇,bracket
"""馬黑派""",bold
"""馬刺看人生，很多事情都值得細細品味和分享。這裡主要提供想法和討論，關於馬刺的即時訊息，請前往最優質的中文平台「禁區模範生」粉絲頁。""",bold
"""都寫簡體字了 當然是指100人民幣啦XD""，""全世界最有錢政黨說沒錢""",bold
"""超後悔投給柯P的""，""一切都是台北市長柯文哲的錯""",bold
"""打得好就誇、打得不好就罵，有何不可？""、""思想檢查""、""一言堂""、""反智""、""斑馬迷""、""請討論籃球，不用討論口氣態度""",bold
"""愛將籃球""",bold
"""心機和體積一樣龐大""",bold
"""外來種滾""",bold
"""外來使用者決定八卦板主""",bold
"""噁心"" 一詞 視為攻擊行為事實",bold
"""一言堂""、""思想檢查""、""反智""行為",bold
...從智力方面評價，它們都沒有什麼價值，根本不是『科學』，更不是『智慧』。但再說一遍，而且要再說三遍，它們是權宜之計，權宜之計，權宜之計，摻雜著愚蠢、愚蠢、愚蠢...,bracket
……聊聊某車站吧,bracket
……………笑 話……………,bracket
.....,bracket
... = = 打錯字啦 魯蛇 魯蛇 魯蛇,bracket
.__.\~/,bracket
、拉美王,bold
、之亂（頓號之亂）,title
、之亂,bold
＿啦幹,bold
 找公廁主人,bracket
 如果歐陽妮妮多一條腿] ,bold
 やめ！やめ！ ,bracket
 You see see you,bracket
 X,bracket
 T o m o y o,bracket
 GTO 小商人,bold
 / ,bracket
 [超幹] 紅色警急事件!!拜託高雄人!,bracket
 [討論] 關於SOD都是真der,bracket
 [新聞] 遠航包機砍班75% 日、韓、菲、柬航線遭殃,bracket
 [問卦] 本篇噓超過 5X TheRock 就辭板主的八卦？,bracket
 [問卦] 有沒有硬要用學校IP發廢文的八卦,bracket
 ),bold
							對話頁(0)						,link_new
,bold
